movie_id,title,release_year,runtime_minutes,genres
tt0405325,Sky High,2005,100,"Action,Comedy,Family"
tt1204342,The Muppets,2011,103,"Adventure,Comedy,Family"
tt0423294,Surf's Up,2007,85,"Adventure,Animation,Comedy"
tt3063516,Jackass Presents: Bad Grandpa,2013,92,Comedy
tt1440292,Submarine,2010,97,"Comedy,Drama,Romance"
tt32376165,A House of Dynamite,2025,112,"Drama,Thriller"
tt0107822,The Piano,1993,121,"Drama,Music,Romance"
tt0356470,A Cinderella Story,2004,95,"Comedy,Family,Romance"
tt6878306,News of the World,2020,118,"Action,Adventure,Drama"
tt13375076,The Pope's Exorcist,2023,103,"Horror,Thriller"
tt0285531,Dreamcatcher,2003,134,"Drama,Horror,Sci-Fi"
tt2679042,Hitman: Agent 47,2015,96,"Action,Adventure,Crime"
tt0364970,Babylon A.D.,2008,90,"Action,Adventure,Sci-Fi"
tt0364045,Taking Lives,2004,103,"Crime,Mystery,Thriller"
tt0087277,Footloose,1984,107,"Drama,Music,Romance"
tt0044741,Ikiru,1952,143,Drama
tt1540133,The Guard,2011,96,"Comedy,Crime,Thriller"
tt0408839,The Heartbreak Kid,2007,116,"Comedy,Romance"
tt0457510,Nacho Libre,2006,92,"Comedy,Family,Sport"
tt8695030,The Dead Don't Die,2019,104,"Comedy,Fantasy,Horror"
tt0119099,Fallen,1998,124,"Action,Crime,Drama"
tt2172934,3 Days to Kill,2014,117,"Action,Drama,Thriller"
tt0499556,War,2007,103,"Action,Thriller"
tt0105698,Universal Soldier,1992,102,"Action,Sci-Fi"
tt0120679,Frida,2002,123,"Biography,Drama,Romance"
tt0280707,Gosford Park,2001,137,"Comedy,Drama,Mystery"
tt0098258,Say Anything,1989,100,"Comedy,Drama,Romance"
tt0085333,Christine,1983,110,"Horror,Thriller"
tt1293847,xXx: Return of Xander Cage,2017,107,"Action,Adventure,Thriller"
tt2347569,Frances Ha,2012,86,"Comedy,Drama,Romance"
tt0498353,Hostel: Part II,2007,94,Horror
tt3348730,Jigsaw,2017,92,"Horror,Mystery,Thriller"
tt1242432,I Spit on Your Grave,2010,108,"Horror,Thriller"
tt0105690,Under Siege,1992,103,"Action,Thriller"
tt1051904,Goosebumps,2015,103,"Adventure,Comedy,Fantasy"
tt0079945,Star Trek: The Motion Picture,1979,143,"Adventure,Mystery,Sci-Fi"
tt0464154,Piranha 3D,2010,88,"Comedy,Horror"
tt1470827,Monsters,2010,94,"Adventure,Drama,Romance"
tt1216487,The Girl Who Played with Fire,2009,129,"Action,Crime,Drama"
tt8364368,Crawl,2019,87,"Action,Horror,Thriller"
tt3522806,Mechanic: Resurrection,2016,98,"Action,Adventure,Thriller"
tt0252076,Maid in Manhattan,2002,105,"Comedy,Drama,Romance"
tt0116365,The Frighteners,1996,110,"Comedy,Drama,Fantasy"
tt21235248,Ghostbusters: Frozen Empire,2024,115,"Adventure,Comedy,Fantasy"
tt0092675,Bloodsport,1988,92,"Action,Biography,Drama"
tt5884796,Plane,2023,107,"Action,Adventure,Thriller"
tt3799232,The Kissing Booth,2018,105,"Comedy,Romance"
tt0479997,Season of the Witch,2011,95,"Action,Adventure,Fantasy"
tt1078588,My Sister's Keeper,2009,109,"Drama,Family"
tt0151738,Never Been Kissed,1999,107,"Comedy,Drama,Romance"
tt0490204,Reign Over Me,2007,124,Drama
tt1230414,It's Complicated,2009,120,"Comedy,Drama,Romance"
tt0406816,The Guardian,2006,139,"Adventure,Drama"
tt0095631,Midnight Run,1988,126,"Action,Comedy,Crime"
tt0048545,Rebel Without a Cause,1955,111,Drama
tt0150377,Double Jeopardy,1999,105,"Crime,Drama,Mystery"
tt0049730,The Searchers,1956,119,"Adventure,Western"
tt0092563,Angel Heart,1987,113,"Horror,Mystery,Thriller"
tt0107798,The Pelican Brief,1993,141,"Crime,Drama,Mystery"
tt0164334,Along Came a Spider,2001,104,"Crime,Drama,Mystery"
tt10618286,Mank,2020,131,"Biography,Drama"
tt2382009,Nymphomaniac: Vol. II,2013,124,Drama
tt1045772,I Love You Phillip Morris,2009,98,"Biography,Comedy,Crime"
tt1226273,Edge of Darkness,2010,117,"Action,Adventure,Drama"
tt7550000,Project Power,2020,113,"Action,Crime,Sci-Fi"
tt0165798,Ghost Dog: The Way of the Samurai,1999,116,"Crime,Drama"
tt5113044,Minions: The Rise of Gru,2022,87,"Adventure,Animation,Comedy"
tt11003218,Pig,2021,92,"Drama,Mystery"
tt0107144,Hot Shots! Part Deux,1993,86,"Action,Comedy"
tt0492956,The Game Plan,2007,110,"Comedy,Family,Sport"
tt0088939,The Color Purple,1985,154,Drama
tt1592525,Lockout,2012,95,"Action,Sci-Fi,Thriller"
tt0363589,Elephant,2003,81,"Crime,Drama,Thriller"
tt0472181,The Smurfs,2011,103,"Adventure,Animation,Comedy"
tt1412386,The Best Exotic Marigold Hotel,2011,124,"Comedy,Drama,Romance"
tt0952640,Alvin and the Chipmunks,2007,92,"Adventure,Animation,Comedy"
tt0383028,"Synecdoche, New York",2008,124,Drama
tt0963178,The International,2009,118,"Action,Crime,Drama"
tt1034415,Suspiria,2018,152,"Drama,Fantasy,Horror"
tt1549572,Another Earth,2011,92,"Drama,Romance,Sci-Fi"
tt12758060,Tetris,2023,118,"Biography,Drama,History"
tt6924650,Midway,2019,138,"Action,Drama,History"
tt1778304,Paranormal Activity 3,2011,83,"Horror,Mystery,Thriller"
tt0114694,Tommy Boy,1995,97,"Adventure,Comedy"
tt0099371,Days of Thunder,1990,107,"Action,Drama,Sport"
tt0070917,The Wicker Man,1973,88,"Horror,Mystery,Thriller"
tt0117666,Sling Blade,1996,135,Drama
tt0837563,Pet Sematary,2019,100,"Horror,Mystery,Thriller"
tt0105812,White Men Can't Jump,1992,115,"Comedy,Sport"
tt4003440,The House That Jack Built,2018,152,"Crime,Drama,Horror"
tt0069293,Solaris,1972,167,"Adventure,Drama,Mystery"
tt1126590,Big Eyes,2014,106,"Biography,Crime,Drama"
tt32246771,Bring Her Back,2025,104,"Horror,Mystery"
tt0357277,Elektra,2005,97,"Action,Adventure,Crime"
tt3322364,Concussion,2015,123,"Biography,Drama,Sport"
tt0119229,Grosse Pointe Blank,1997,107,"Action,Comedy,Crime"
tt12261776,65,2023,93,"Action,Adventure,Sci-Fi"
tt0418819,Land of the Dead,2005,93,"Horror,Sci-Fi,Thriller"
tt0808417,Persepolis,2007,96,"Animation,Biography,Drama"
tt0433383,"Good Night, and Good Luck.",2005,93,"Biography,Drama,History"
tt0069704,American Graffiti,1973,110,"Comedy,Drama"
tt0049406,The Killing,1956,84,"Crime,Drama,Film-Noir"
tt0090305,Weird Science,1985,94,"Comedy,Romance,Sci-Fi"
tt4287320,The Circle,2017,110,"Drama,Mystery,Sci-Fi"
tt8623904,Last Christmas,2019,103,"Comedy,Drama,Fantasy"
tt0120780,Out of Sight,1998,123,"Comedy,Crime,Drama"
tt1195478,The Five-Year Engagement,2012,124,"Comedy,Drama,Romance"
tt2358891,The Great Beauty,2013,141,Drama
tt1212428,The Lost City of Z,2016,141,"Adventure,Biography,Drama"
tt11145118,Creed III,2023,116,"Action,Drama,Sport"
tt0117318,The People vs. Larry Flynt,1996,130,"Biography,Drama"
tt6292852,I Am Mother,2019,113,"Drama,Mystery,Sci-Fi"
tt0017925,The General,1926,78,"Action,Adventure,Comedy"
tt0367110,Swades,2004,189,"Drama,Musical"
tt0138524,Intolerable Cruelty,2003,100,"Comedy,Crime,Romance"
tt0817177,Flipped,2010,90,"Comedy,Drama,Romance"
tt0377109,The Ring Two,2005,110,"Horror,Mystery"
tt0116136,DragonHeart,1996,103,"Action,Adventure,Fantasy"
tt8629748,Spenser Confidential,2020,111,"Action,Comedy,Crime"
tt3513548,Richard Jewell,2019,131,"Biography,Crime,Drama"
tt3949660,Teenage Mutant Ninja Turtles: Out of the Shadows,2016,112,"Action,Adventure,Comedy"
tt0120791,Practical Magic,1998,104,"Comedy,Drama,Fantasy"
tt10304142,Amsterdam,2022,134,"Comedy,Drama,History"
tt0816462,Conan the Barbarian,2011,113,"Action,Adventure,Fantasy"
tt0322802,Jackass: The Movie,2002,85,"Action,Comedy,Documentary"
tt0960731,Bedtime Stories,2008,99,"Adventure,Comedy,Family"
tt4139588,Polar,2019,118,"Action,Crime,Thriller"
tt1161864,The Rite,2011,114,"Drama,Horror,Mystery"
tt5478478,Hostiles,2017,134,"Drama,Western"
tt0095489,The Land Before Time,1988,69,"Adventure,Animation,Drama"
tt7456310,Anna,2019,118,"Action,Thriller"
tt0395699,The Pacifier,2005,95,"Action,Comedy,Drama"
tt1083452,Eddie the Eagle,2015,106,"Adventure,Biography,Comedy"
tt0250797,Unfaithful,2002,124,"Drama,Romance,Thriller"
tt1017460,Splice,2009,104,"Horror,Sci-Fi"
tt0118928,Dante's Peak,1997,108,"Action,Adventure,Thriller"
tt1440728,The American,2010,105,"Crime,Drama,Thriller"
tt0101761,The Doors,1991,140,"Biography,Drama,Music"
tt0401445,A Good Year,2006,117,"Comedy,Drama,Romance"
tt1502404,Drive Angry,2011,104,"Action,Comedy,Fantasy"
tt0048424,The Night of the Hunter,1955,92,"Crime,Drama,Film-Noir"
tt1666801,The DUFF,2015,101,"Comedy,Romance"
tt4430212,Drishyam,2015,163,"Crime,Drama,Mystery"
tt0064757,On Her Majesty's Secret Service,1969,142,"Action,Adventure,Thriller"
tt2274648,Hellboy,2019,120,"Action,Adventure,Fantasy"
tt0404390,Running Scared,2006,122,"Action,Crime,Drama"
tt0328538,Thirteen,2003,100,Drama
tt3544112,Sing Street,2016,106,"Comedy,Drama,Music"
tt2357129,Jobs,2013,128,"Biography,Drama"
tt5774060,Underwater,2020,95,"Action,Horror,Sci-Fi"
tt1235166,A Prophet,2009,155,"Crime,Drama"
tt0058385,My Fair Lady,1964,170,"Drama,Family,Musical"
tt0118998,Doctor Dolittle,1998,85,"Comedy,Family,Fantasy"
tt2431286,Philomena,2013,98,"Biography,Comedy,Drama"
tt0174856,The Hurricane,1999,146,"Biography,Drama,Sport"
tt1020530,Eden Lake,2008,91,"Horror,Thriller"
tt2592614,Resident Evil: The Final Chapter,2016,107,"Action,Horror,Sci-Fi"
tt10886166,365 Days,2020,114,"Drama,Romance"
tt0086200,Risky Business,1983,99,"Comedy,Crime,Drama"
tt0155267,The Thomas Crown Affair,1999,113,"Crime,Romance,Thriller"
tt14205554,KPop Demon Hunters,2025,95,"Action,Adventure,Animation"
tt10665338,Halloween Kills,2021,105,"Action,Drama,Horror"
tt0171804,Boys Don't Cry,1999,118,"Biography,Crime,Drama"
tt0166896,The Straight Story,1999,112,"Biography,Drama"
tt1240982,Your Highness,2011,102,"Action,Adventure,Comedy"
tt13274016,Reptile,2023,134,"Crime,Drama,Mystery"
tt0844708,The Last House on the Left,2009,113,"Horror,Thriller"
tt3882082,The Boy,2016,97,"Horror,Mystery,Thriller"
tt7985704,Operation Fortune: Ruse de Guerre,2023,114,"Action,Adventure,Comedy"
tt2140379,Self/less,2015,117,"Action,Mystery,Sci-Fi"
tt0112818,Dead Man Walking,1995,122,"Crime,Drama"
tt0452637,Lady in the Water,2006,110,"Drama,Fantasy,Mystery"
tt0032551,The Grapes of Wrath,1940,129,Drama
tt0477302,Extremely Loud & Incredibly Close,2011,129,"Adventure,Drama,Mystery"
tt0371606,Chicken Little,2005,81,"Adventure,Animation,Comedy"
tt0453562,42,2013,128,"Biography,Drama,Sport"
tt3072482,Hardcore Henry,2015,96,"Action,Adventure,Sci-Fi"
tt0455760,Dead Silence,2007,89,"Horror,Mystery,Thriller"
tt0365686,Revolver,2005,111,"Action,Crime,Drama"
tt0274812,Secretary,2002,107,"Comedy,Drama,Romance"
tt14444726,Tár,2022,158,"Drama,Music"
tt0086066,The Outsiders,1983,91,"Crime,Drama"
tt6566576,Fear Street: Part One - 1994,2021,107,"Drama,Horror,Mystery"
tt7939766,I'm Thinking of Ending Things,2020,134,"Drama,Thriller"
tt1045778,Year One,2009,97,Comedy
tt0416236,The Spiderwick Chronicles,2008,96,"Action,Adventure,Drama"
tt0091326,The Karate Kid Part II,1986,113,"Action,Family,Sport"
tt0112817,Dead Man,1995,121,"Adventure,Drama,Western"
tt0311289,Holes,2003,117,"Adventure,Comedy,Drama"
tt8580274,Eurovision Song Contest: The Story of Fire Saga,2020,123,"Comedy,Music"
tt0318462,The Motorcycle Diaries,2004,126,"Adventure,Biography,Drama"
tt0318649,Sahara,2005,124,"Action,Adventure,Comedy"
tt4218572,Widows,2018,129,"Crime,Drama,Thriller"
tt0103919,Candyman,1992,99,"Horror,Thriller"
tt0109424,Chungking Express,1994,102,"Comedy,Crime,Drama"
tt1839492,Ruby Sparks,2012,104,"Comedy,Drama,Fantasy"
tt0154506,Following,1998,69,"Crime,Mystery,Thriller"
tt4682786,Collateral Beauty,2016,97,"Drama,Romance"
tt0185125,All About My Mother,1999,101,"Comedy,Drama,Romance"
tt0302640,The Hot Chick,2002,104,"Comedy,Fantasy"
tt0124315,The Cider House Rules,1999,126,"Drama,Romance"
tt0103873,Dead Alive,1992,104,"Comedy,Fantasy,Horror"
tt0082406,The Fox and the Hound,1981,83,"Adventure,Animation,Drama"
tt3420504,Finch,2021,115,"Adventure,Drama,Sci-Fi"
tt7838252,K.G.F: Chapter 1,2018,154,"Action,Crime,Drama"
tt2193215,The Counselor,2013,117,"Action,Adventure,Crime"
tt0054047,The Magnificent Seven,1960,128,"Action,Adventure,Drama"
tt31868189,Happy Gilmore 2,2025,114,"Comedy,Sport"
tt3863552,Bajrangi Bhaijaan,2015,163,"Action,Adventure,Comedy"
tt0851578,Paprika,2006,90,"Animation,Drama,Fantasy"
tt2357291,Rio 2,2014,101,"Adventure,Animation,Comedy"
tt15354916,Jawan,2023,169,"Action,Crime,Drama"
tt0808279,Funny Games,2007,111,"Crime,Drama,Thriller"
tt1027718,Wall Street: Money Never Sleeps,2010,133,Drama
tt4919268,Bad Boys: Ride or Die,2024,115,"Action,Adventure,Comedy"
tt0104797,Malcolm X,1992,202,"Biography,Drama,History"
tt0127536,Elizabeth,1998,124,"Biography,Drama,History"
tt1622547,30 Minutes or Less,2011,83,"Action,Comedy,Crime"
tt0093010,Fatal Attraction,1987,119,"Drama,Thriller"
tt0248667,Ali,2001,157,"Biography,Drama,Sport"
tt0163187,Runaway Bride,1999,116,"Comedy,Romance"
tt0115759,Broken Arrow,1996,108,"Action,Adventure,Thriller"
tt4332232,Fractured,2019,99,"Drama,Mystery,Thriller"
tt0412019,Broken Flowers,2005,106,"Comedy,Drama,Mystery"
tt0337921,Cellular,2004,94,"Action,Crime,Thriller"
tt11563598,A Complete Unknown,2024,141,"Biography,Drama,Music"
tt1602620,Amour,2012,127,Drama
tt0376136,The Rum Diary,2011,119,"Comedy,Drama,Romance"
tt1683526,Detachment,2011,98,Drama
tt1974419,The Neon Demon,2016,117,"Horror,Thriller"
tt4695012,It Comes at Night,2017,91,"Drama,Horror,Mystery"
tt1800246,That Awkward Moment,2014,94,"Comedy,Romance"
tt0098206,Road House,1989,114,"Action,Thriller"
tt0032455,Fantasia,1940,124,"Animation,Family,Fantasy"
tt8633478,Run,2020,90,"Drama,Horror,Mystery"
tt0480242,Dan in Real Life,2007,98,"Comedy,Drama,Romance"
tt0395584,The Devil's Rejects,2005,107,"Crime,Drama,Horror"
tt27489557,Abigail,2024,109,"Action,Comedy,Crime"
tt0126886,Election,1999,103,"Comedy,Romance"
tt1023111,Never Back Down,2008,113,"Action,Drama,Sport"
tt2013293,The Wind Rises,2013,126,"Animation,Biography,Drama"
tt0132477,October Sky,1999,108,"Biography,Drama,Family"
tt0122718,Small Soldiers,1998,110,"Action,Adventure,Comedy"
tt0088011,Romancing the Stone,1984,106,"Action,Adventure,Comedy"
tt20221436,Emilia Pérez,2024,132,"Crime,Drama,Musical"
tt1614989,Headhunters,2011,100,"Action,Crime,Thriller"
tt0758766,Music and Lyrics,2007,104,"Comedy,Music,Romance"
tt0345950,The SpongeBob SquarePants Movie,2004,87,"Adventure,Animation,Comedy"
tt0480255,The Losers,2010,97,"Action,Adventure,Comedy"
tt5834426,Moonfall,2022,130,"Action,Adventure,Sci-Fi"
tt0100935,Wild at Heart,1990,125,"Crime,Drama,Thriller"
tt0090264,A View to a Kill,1985,131,"Action,Adventure,Thriller"
tt0082495,Halloween II,1981,92,Horror
tt0426883,Alpha Dog,2006,122,"Biography,Crime,Drama"
tt11057302,Madame Web,2024,116,"Action,Thriller"
tt3622592,Paper Towns,2015,109,"Adventure,Comedy,Drama"
tt4998632,Ambulance,2022,136,"Action,Crime,Drama"
tt0100758,Teenage Mutant Ninja Turtles,1990,93,"Action,Adventure,Comedy"
tt2241351,Money Monster,2016,98,"Action,Crime,Drama"
tt0114214,The Quick and the Dead,1995,108,"Action,Drama,Romance"
tt0342258,Unleashed,2005,103,"Action,Crime,Thriller"
tt2481498,"Extremely Wicked, Shockingly Evil and Vile",2019,110,"Biography,Crime,Drama"
tt0160862,She's All That,1999,95,"Comedy,Romance"
tt0386117,Where the Wild Things Are,2009,101,"Adventure,Drama,Family"
tt4468740,Paddington 2,2017,103,"Adventure,Comedy,Family"
tt1781769,Anna Karenina,2012,129,"Drama,Romance"
tt0086541,Videodrome,1983,87,"Drama,Horror,Sci-Fi"
tt4633690,Shot Caller,2017,121,"Crime,Drama,Thriller"
tt1571222,A Dangerous Method,2011,99,"Biography,Drama,Romance"
tt2709692,The Grinch,2018,85,"Animation,Comedy,Family"
tt1396218,Mr. Popper's Penguins,2011,94,"Comedy,Family,Fantasy"
tt0348333,Waiting...,2005,94,Comedy
tt0343737,The Good Shepherd,2006,167,"Drama,History,Thriller"
tt0892318,Letters to Juliet,2010,105,"Adventure,Comedy,Drama"
tt0441909,Volver,2006,121,"Comedy,Drama"
tt0335245,The Ladykillers,2004,104,"Comedy,Crime,Thriller"
tt5503686,Hustlers,2019,110,"Comedy,Crime,Drama"
tt14846026,Sisu,2022,91,"Action,Thriller,War"
tt1860242,The Highwaymen,2019,132,"Biography,Crime,Drama"
tt1954470,Gangs of Wasseypur,2012,321,"Action,Comedy,Crime"
tt0090329,Witness,1985,112,"Crime,Drama,Romance"
tt5813916,The Mountain II,2016,135,"Action,Drama,War"
tt0452702,Vacancy,2007,85,"Horror,Thriller"
tt0086979,Blood Simple,1984,99,"Crime,Drama,Thriller"
tt0401383,The Diving Bell and the Butterfly,2007,112,"Biography,Drama"
tt0120907,eXistenZ,1999,97,"Horror,Mystery,Sci-Fi"
tt0351977,Walking Tall,2004,86,"Action,Crime"
tt13751694,Animal,2023,204,"Action,Crime,Drama"
tt2170593,St. Vincent,2014,102,"Comedy,Drama"
tt0093428,The Living Daylights,1987,130,"Action,Adventure,Thriller"
tt0879870,Eat Pray Love,2010,133,"Biography,Comedy,Drama"
tt0400717,Open Season,2006,86,"Adventure,Animation,Comedy"
tt0108037,The Sandlot,1993,101,"Comedy,Drama,Family"
tt9784798,Judas and the Black Messiah,2021,126,"Biography,Crime,Drama"
tt0865556,The Forbidden Kingdom,2008,104,"Action,Adventure,Fantasy"
tt0038787,Notorious,1946,102,"Drama,Film-Noir,Mystery"
tt0799949,Epic Movie,2007,86,"Adventure,Comedy,Fantasy"
tt0057546,The Sword in the Stone,1963,79,"Adventure,Animation,Comedy"
tt0115685,The Birdcage,1996,117,Comedy
tt0118883,Conspiracy Theory,1997,135,"Action,Crime,Drama"
tt0204946,Bring It On,2000,98,"Comedy,Romance,Sport"
tt1911658,Penguins of Madagascar,2014,92,"Action,Adventure,Animation"
tt12412888,Sonic the Hedgehog 2,2022,122,"Action,Adventure,Comedy"
tt2980592,The Guest,2014,100,"Action,Mystery,Thriller"
tt1657507,Colombiana,2011,108,"Action,Crime,Drama"
tt0066206,Patton,1970,172,"Biography,Drama,War"
tt0393109,Brick,2005,110,"Crime,Drama,Mystery"
tt0848537,Epic,2013,102,"Action,Adventure,Animation"
tt0386140,The Legend of Zorro,2005,129,"Action,Adventure,Drama"
tt0118887,Cop Land,1997,105,"Crime,Drama,Thriller"
tt1053424,Repo Men,2010,111,"Action,Sci-Fi,Thriller"
tt0862856,Trick 'r Treat,2007,82,"Comedy,Horror"
tt0373926,The Interpreter,2005,128,"Crime,Mystery,Thriller"
tt3605418,Knock Knock,2015,99,"Crime,Thriller"
tt0120902,The X Files,1998,121,"Adventure,Drama,Mystery"
tt0104652,Porco Rosso,1992,94,"Adventure,Animation,Comedy"
tt8108198,Andhadhun,2018,139,"Crime,Mystery,Thriller"
tt0426931,August Rush,2007,114,"Drama,Music"
tt1179056,A Nightmare on Elm Street,2010,95,"Crime,Drama,Horror"
tt0052311,Touch of Evil,1958,95,"Crime,Drama,Film-Noir"
tt0298814,The Core,2003,135,"Action,Adventure,Sci-Fi"
tt4530422,Overlord,2018,110,"Action,Horror,Sci-Fi"
tt1567609,Get the Gringo,2012,96,"Action,Drama,Thriller"
tt1714915,Only Lovers Left Alive,2013,123,"Comedy,Drama,Fantasy"
tt9663764,Aquaman and the Lost Kingdom,2023,124,"Action,Adventure,Fantasy"
tt0082398,For Your Eyes Only,1981,127,"Action,Adventure,Thriller"
tt9362930,Blue Beetle,2023,127,"Action,Adventure,Sci-Fi"
tt26743210,How to Train Your Dragon,2025,125,"Action,Adventure,Comedy"
tt1536044,Paranormal Activity 2,2010,91,"Horror,Mystery"
tt1675192,Take Shelter,2011,120,"Drama,Thriller"
tt0409182,Poseidon,2006,98,"Action,Adventure,Thriller"
tt1073498,Meet the Spartans,2008,87,"Comedy,Fantasy"
tt0056193,Lolita,1962,153,"Crime,Drama,Romance"
tt1985949,The Angry Birds Movie,2016,97,"Action,Adventure,Animation"
tt21064584,The Iron Claw,2023,132,"Biography,Drama,Sport"
tt0475276,United 93,2006,111,"Action,Drama,History"
tt0209958,The Cell,2000,107,"Crime,Horror,Sci-Fi"
tt0076786,Suspiria,1977,92,Horror
tt1568921,The Secret World of Arrietty,2010,94,"Adventure,Animation,Drama"
tt0109444,Clear and Present Danger,1994,141,"Action,Crime,Drama"
tt1478964,Attack the Block,2011,88,"Action,Adventure,Comedy"
tt0349205,Cheaper by the Dozen,2003,98,"Comedy,Family"
tt1509767,The Three Musketeers,2011,110,"Action,Adventure,Fantasy"
tt15327088,Kantara,2022,148,"Action,Adventure,Drama"
tt6277462,Brahmastra Part One: Shiva,2022,167,"Action,Adventure,Fantasy"
tt14641788,Enola Holmes 2,2022,129,"Action,Adventure,Crime"
tt0462504,Rescue Dawn,2006,125,"Adventure,Biography,War"
tt1216492,Leap Year,2010,100,"Comedy,Romance"
tt0427152,Dinner for Schmucks,2010,114,Comedy
tt0044706,High Noon,1952,85,"Drama,Thriller,Western"
tt0870111,Frost/Nixon,2008,122,"Biography,Drama,History"
tt0079574,Moonraker,1979,126,"Action,Adventure,Sci-Fi"
tt1618442,The Last Witch Hunter,2015,106,"Action,Adventure,Fantasy"
tt0118689,Bean,1997,89,"Adventure,Comedy,Family"
tt1386932,Ip Man 2,2010,108,"Action,Biography,Drama"
tt0111495,Three Colors: Red,1994,99,"Drama,Mystery,Romance"
tt0340163,Hostage,2005,113,"Action,Crime,Drama"
tt12789558,Belfast,2021,98,"Biography,Drama"
tt0288477,Ghost Ship,2002,91,"Horror,Mystery,Thriller"
tt0113101,Four Rooms,1995,98,Comedy
tt13452446,Damsel,2024,110,"Action,Adventure,Fantasy"
tt0390521,Super Size Me,2004,100,Documentary
tt1007029,The Iron Lady,2011,105,"Biography,Drama"
tt1623288,ParaNorman,2012,92,"Adventure,Animation,Comedy"
tt1433108,Faster,2010,98,"Action,Crime,Drama"
tt0156887,Perfect Blue,1997,82,"Animation,Crime,Drama"
tt0889573,The Switch,2010,101,"Comedy,Drama,Romance"
tt0300471,Shanghai Knights,2003,114,"Action,Adventure,Comedy"
tt0780653,The Wolfman,2010,103,"Drama,Fantasy,Horror"
tt0105417,Sister Act,1992,100,"Comedy,Family,Music"
tt0105665,Twin Peaks: Fire Walk with Me,1992,134,"Drama,Horror,Mystery"
tt0445922,Across the Universe,2007,133,"Drama,Fantasy,History"
tt1477076,Saw 3D,2010,90,"Horror,Mystery"
tt0138749,The Road to El Dorado,2000,89,"Adventure,Animation,Comedy"
tt0108394,Three Colors: Blue,1993,98,"Drama,Music,Mystery"
tt0338337,Paycheck,2003,119,"Action,Mystery,Sci-Fi"
tt0120184,Sphere,1998,134,"Mystery,Sci-Fi,Thriller"
tt1327194,The Lucky One,2012,101,"Drama,Mystery,Romance"
tt0247745,Super Troopers,2001,100,"Comedy,Crime,Mystery"
tt8385148,Hitman's Wife's Bodyguard,2021,100,"Action,Comedy,Crime"
tt4364194,The Peanut Butter Falcon,2019,97,"Adventure,Comedy,Drama"
tt11358390,Renfield,2023,93,"Action,Comedy,Fantasy"
tt0861739,Elite Squad,2007,115,"Action,Crime,Drama"
tt4094724,The Purge: Election Year,2016,108,"Action,Horror,Sci-Fi"
tt1853739,You're Next,2011,95,"Drama,Horror,Mystery"
tt0230030,Bedazzled,2000,93,"Comedy,Fantasy"
tt0080120,The Warriors,1979,93,"Action,Crime,Thriller"
tt1029234,Martyrs,2008,99,Horror
tt1206885,Rambo: Last Blood,2019,89,"Action,Crime,Thriller"
tt1791528,Inherent Vice,2014,148,"Comedy,Crime,Drama"
tt0093389,The Last Emperor,1987,163,"Biography,Drama,History"
tt4772188,Flow,2024,85,"Adventure,Animation,Family"
tt0159273,Behind Enemy Lines,2001,106,"Action,Drama,Thriller"
tt3381008,The Brothers Grimsby,2016,83,"Action,Adventure,Comedy"
tt0790686,Mirrors,2008,110,"Horror,Mystery"
tt1038686,Legion,2010,100,"Action,Fantasy,Horror"
tt3717490,Power Rangers,2017,124,"Action,Adventure,Fantasy"
tt0097742,Licence to Kill,1989,133,"Action,Adventure,Thriller"
tt0185431,Little Nicky,2000,90,"Comedy,Fantasy"
tt6911608,Mamma Mia! Here We Go Again,2018,114,"Comedy,Musical,Romance"
tt0115963,The Craft,1996,101,"Drama,Fantasy,Horror"
tt0025316,It Happened One Night,1934,105,"Comedy,Romance"
tt7752126,Brightburn,2019,90,"Drama,Horror,Mystery"
tt0119164,The Full Monty,1997,91,"Comedy,Drama"
tt0365830,Tenacious D in the Pick of Destiny,2006,94,"Adventure,Comedy,Music"
tt1486185,Red Riding Hood,2011,100,"Fantasy,Horror,Mystery"
tt0465580,Push,2009,111,"Action,Sci-Fi,Thriller"
tt1438176,Fright Night,2011,106,"Action,Comedy,Drama"
tt0070034,Enter the Dragon,1973,102,"Action,Crime,Thriller"
tt0436697,The Queen,2006,103,"Biography,Drama"
tt0102266,The Last Boy Scout,1991,105,"Action,Comedy,Crime"
tt0385004,House of Flying Daggers,2004,119,"Action,Adventure,Drama"
tt0044081,A Streetcar Named Desire,1951,122,Drama
tt1333125,Movie 43,2013,94,Comedy
tt0086034,Octopussy,1983,131,"Action,Adventure,Thriller"
tt2199571,Run All Night,2015,114,"Action,Crime,Thriller"
tt0091251,Come and See,1985,142,"Drama,Thriller,War"
tt1682180,Stoker,2013,99,"Drama,Mystery,Thriller"
tt9071322,Dark Waters,2019,126,"Biography,Drama,History"
tt0099700,Gremlins 2: The New Batch,1990,106,"Comedy,Fantasy,Horror"
tt1397514,Journey 2: The Mysterious Island,2012,94,"Action,Adventure,Comedy"
tt0120889,What Dreams May Come,1998,113,"Drama,Fantasy,Romance"
tt1232200,That's My Boy,2012,116,"Comedy,Drama"
tt0243133,The Man Who Wasn't There,2001,116,"Crime,Drama"
tt0098554,Uncle Buck,1989,100,Comedy
tt0313542,Runaway Jury,2003,127,"Crime,Drama,Thriller"
tt0120873,U.S. Marshals,1998,131,"Action,Crime,Thriller"
tt2548396,The Cloverfield Paradox,2018,102,"Horror,Sci-Fi,Thriller"
tt0071807,The Man with the Golden Gun,1974,125,"Action,Adventure,Thriller"
tt7068946,The Accountant 2,2025,132,"Action,Crime,Drama"
tt2224026,Home,2015,94,"Adventure,Animation,Comedy"
tt0098439,Tango & Cash,1989,104,"Action,Comedy,Crime"
tt12003946,Violent Night,2022,112,"Action,Comedy,Thriller"
tt1131729,The Boat That Rocked,2009,117,"Comedy,Drama,Music"
tt4465564,Fifty Shades Darker,2017,118,"Drama,Mystery,Romance"
tt27403986,Juror #2,2024,114,"Crime,Drama,Mystery"
tt0396555,Meet the Robinsons,2007,95,"Adventure,Animation,Comedy"
tt0086567,WarGames,1983,114,"Action,Drama,Sci-Fi"
tt3811906,Malignant,2021,111,"Crime,Horror,Mystery"
tt4225622,The Babysitter,2017,85,"Comedy,Horror"
tt0283111,Van Wilder,2002,92,"Comedy,Romance"
tt10370710,The Worst Person in the World,2021,128,"Comedy,Drama,Romance"
tt0236493,The Mexican,2001,123,"Adventure,Comedy,Drama"
tt0929632,Precious,2009,110,Drama
tt0292963,Before the Devil Knows You're Dead,2007,117,"Crime,Drama,Thriller"
tt13622970,Moana 2,2024,100,"Adventure,Animation,Comedy"
tt0390384,Primer,2004,77,"Drama,Sci-Fi,Thriller"
tt1078940,Couples Retreat,2009,113,Comedy
tt1702439,Safe Haven,2013,115,"Drama,Romance,Thriller"
tt3581652,West Side Story,2021,156,"Crime,Drama,Musical"
tt1924429,Trance,2013,101,"Crime,Drama,Mystery"
tt1063669,The Wave,2008,107,"Drama,Thriller"
tt0106611,Cool Runnings,1993,98,"Adventure,Comedy,Family"
tt0088930,Clue,1985,94,"Comedy,Crime,Mystery"
tt0367959,Hannibal Rising,2007,121,"Adventure,Crime,Drama"
tt1379182,Dogtooth,2009,97,"Drama,Thriller"
tt6189022,Angel Has Fallen,2019,121,"Action,Thriller"
tt0118615,Anaconda,1997,89,"Action,Adventure,Horror"
tt0066995,Diamonds Are Forever,1971,120,"Action,Adventure,Thriller"
tt4572514,Patriots Day,2016,133,"Action,Crime,Drama"
tt0084805,Tootsie,1982,116,"Comedy,Drama,Romance"
tt6587046,The Boy and the Heron,2023,124,"Adventure,Animation,Drama"
tt0287467,Talk to Her,2002,112,"Drama,Mystery,Romance"
tt0404203,Little Children,2006,137,"Drama,Romance"
tt0405296,A Scanner Darkly,2006,100,"Animation,Comedy,Crime"
tt1517260,The Host,2013,125,"Action,Adventure,Drama"
tt1450321,Filth,2013,97,"Action,Comedy,Crime"
tt4731136,A Cure for Wellness,2016,146,"Drama,Fantasy,Horror"
tt1315981,A Single Man,2009,99,"Drama,Romance,Thriller"
tt0107206,In the Line of Fire,1993,128,"Action,Crime,Drama"
tt8267604,Capernaum,2018,126,Drama
tt1921064,Pompeii,2014,105,"Action,Adventure,Drama"
tt0146675,End of Days,1999,122,"Action,Fantasy,Horror"
tt1547234,Premium Rush,2012,91,"Action,Thriller"
tt0286499,Bend It Like Beckham,2002,112,"Comedy,Drama,Romance"
tt0106220,Addams Family Values,1993,94,"Comedy,Fantasy"
tt0384806,The Amityville Horror,2005,90,Horror
tt0368008,The Manchurian Candidate,2004,129,"Drama,Mystery,Sci-Fi"
tt1602613,Only God Forgives,2013,90,"Action,Crime,Drama"
tt0013442,Nosferatu: A Symphony of Horror,1922,94,"Fantasy,Horror"
tt0186151,Frequency,2000,118,"Crime,Drama,Mystery"
tt1956620,Sex Tape,2014,94,"Comedy,Romance"
tt14858658,Blink Twice,2024,102,"Mystery,Thriller"
tt0901476,Bride Wars,2009,89,"Comedy,Romance"
tt1188996,My Name Is Khan,2010,165,"Drama,Romance"
tt0097216,Do the Right Thing,1989,120,"Comedy,Drama"
tt0070328,Live and Let Die,1973,121,"Action,Adventure,Thriller"
tt1860353,Turbo,2013,96,"Adventure,Animation,Comedy"
tt0064276,Easy Rider,1969,95,"Adventure,Drama"
tt0098084,Pet Sematary,1989,103,"Fantasy,Horror,Thriller"
tt1307068,Seeking a Friend for the End of the World,2012,101,"Adventure,Comedy,Drama"
tt10633456,Minari,2020,115,Drama
tt0168629,Dancer in the Dark,2000,135,"Crime,Drama,Musical"
tt0419706,Doom,2005,105,"Action,Horror,Sci-Fi"
tt0090555,Crocodile Dundee,1986,97,"Adventure,Comedy"
tt1226837,Beautiful Boy,2018,120,"Biography,Drama"
tt1327773,The Butler,2013,132,"Biography,Drama"
tt0076752,The Spy Who Loved Me,1977,125,"Action,Adventure,Thriller"
tt0097239,Driving Miss Daisy,1989,99,"Comedy,Drama"
tt0116213,Eraser,1996,115,"Action,Crime,Thriller"
tt0115433,101 Dalmatians,1996,103,"Adventure,Comedy,Crime"
tt19770238,Aftersun,2022,102,Drama
tt0065421,The Aristocats,1970,78,"Adventure,Animation,Comedy"
tt0050986,Wild Strawberries,1957,92,"Drama,Romance"
tt0213847,Malena,2000,108,"Drama,Romance,War"
tt0096969,Born on the Fourth of July,1989,145,"Biography,Drama,War"
tt1067583,Water for Elephants,2011,120,"Drama,Romance"
tt0081573,Superman II,1980,127,"Action,Adventure,Sci-Fi"
tt1114740,Paul Blart: Mall Cop,2009,91,"Action,Comedy,Crime"
tt0083929,Fast Times at Ridgemont High,1982,90,"Comedy,Drama"
tt1985966,Cloudy with a Chance of Meatballs 2,2013,95,"Adventure,Animation,Comedy"
tt1656190,Safe,2012,94,"Action,Crime,Thriller"
tt0348836,Gothika,2003,98,"Horror,Mystery,Thriller"
tt0366627,The Jacket,2005,103,"Drama,Fantasy,Mystery"
tt0102059,Hot Shots!,1991,85,"Action,Comedy"
tt2671706,Fences,2016,139,Drama
tt0406375,Zathura: A Space Adventure,2005,101,"Action,Adventure,Comedy"
tt8613070,Portrait of a Lady on Fire,2019,122,"Drama,Romance"
tt0277371,Not Another Teen Movie,2001,89,"Comedy,Romance"
tt0907657,Once,2006,86,"Drama,Music,Musical"
tt4686844,The Death of Stalin,2017,107,"Comedy,Drama,History"
tt14209916,Cocaine Bear,2023,95,"Comedy,Crime,Thriller"
tt0425123,Just Like Heaven,2005,95,"Comedy,Drama,Fantasy"
tt0062512,You Only Live Twice,1967,117,"Action,Adventure,Thriller"
tt0114924,While You Were Sleeping,1995,103,"Comedy,Drama,Romance"
tt2304933,The 5th Wave,2016,112,"Action,Adventure,Sci-Fi"
tt0970866,Little Fockers,2010,98,"Comedy,Romance"
tt0110478,Maverick,1994,127,"Action,Adventure,Comedy"
tt0758746,Friday the 13th,2009,97,"Horror,Mystery,Thriller"
tt1142977,Frankenweenie,2012,87,"Animation,Comedy,Drama"
tt0104348,Glengarry Glen Ross,1992,100,"Crime,Drama,Mystery"
tt0097493,Heathers,1989,103,"Comedy,Crime"
tt0091605,The Name of the Rose,1986,130,"Drama,Mystery,Thriller"
tt2381991,The Huntsman: Winter's War,2016,114,"Action,Adventure,Drama"
tt0095647,Mississippi Burning,1988,128,"Crime,Drama,Mystery"
tt0421073,Street Kings,2008,109,"Action,Crime,Thriller"
tt0110622,Naked Gun 33 1/3: The Final Insult,1994,83,"Comedy,Crime"
tt0467200,The Other Boleyn Girl,2008,115,"Biography,Drama,History"
tt20215968,Hit Man,2023,115,"Comedy,Crime,Romance"
tt0405508,Rang De Basanti,2006,167,"Comedy,Crime,Drama"
tt1179034,From Paris with Love,2010,92,"Action,Crime,Thriller"
tt27534307,Speak No Evil,2024,110,"Drama,Horror,Thriller"
tt0460791,The Fall,2006,117,"Adventure,Drama,Fantasy"
tt11233960,The Unforgivable,2021,112,"Crime,Drama,Mystery"
tt0055614,West Side Story,1961,153,"Crime,Drama,Musical"
tt0070379,Mean Streets,1973,112,"Crime,Drama,Thriller"
tt1023114,The Way Back,2010,133,"Adventure,Drama,History"
tt1201167,Funny People,2009,146,"Comedy,Drama"
tt3195644,Insidious: Chapter 3,2015,97,"Horror,Mystery,Thriller"
tt0795368,Death at a Funeral,2007,90,Comedy
tt0061418,Bonnie and Clyde,1967,111,"Action,Biography,Crime"
tt0015864,The Gold Rush,1925,95,"Adventure,Comedy,Drama"
tt0486946,Wild Hogs,2007,100,"Action,Adventure,Comedy"
tt0085995,National Lampoon's Vacation,1983,98,"Adventure,Comedy"
tt2404311,The Family,2013,111,"Comedy,Crime,Thriller"
tt0105112,Patriot Games,1992,117,"Action,Thriller"
tt8721424,"tick, tick... BOOM!",2021,115,"Biography,Comedy,Drama"
tt0099871,Jacob's Ladder,1990,113,"Drama,Horror,Mystery"
tt0068473,Deliverance,1972,109,"Adventure,Drama,Thriller"
tt7181546,Ballerina,2025,124,"Action,Thriller"
tt0200550,Coyote Ugly,2000,100,"Comedy,Drama,Music"
tt2400463,The Invitation,2015,100,"Drama,Horror,Mystery"
tt2139881,Long Shot,2019,125,"Comedy,Romance"
tt1821549,Nebraska,2013,115,Drama
tt2870612,"As Above, So Below",2014,93,"Adventure,Horror,Mystery"
tt0096061,Scrooged,1988,101,"Comedy,Drama,Fantasy"
tt0223897,Pay It Forward,2000,123,Drama
tt0169102,Lagaan: Once Upon a Time in India,2001,224,"Drama,Musical,Sport"
tt8999762,The Brutalist,2024,216,Drama
tt0031679,Mr. Smith Goes to Washington,1939,129,"Comedy,Drama"
tt5090568,Transformers: Rise of the Beasts,2023,127,"Action,Adventure,Sci-Fi"
tt1408253,Ride Along,2014,99,"Action,Comedy,Crime"
tt0104694,A League of Their Own,1992,128,"Comedy,Drama,Sport"
tt0129290,Patch Adams,1998,115,"Biography,Comedy,Drama"
tt0822847,Priest,2011,87,"Action,Fantasy,Horror"
tt1524137,Contraband,2012,109,"Action,Adventure,Crime"
tt0116705,Jingle All the Way,1996,89,"Adventure,Comedy,Family"
tt0137494,Entrapment,1999,113,"Action,Crime,Romance"
tt0817230,Valentine's Day,2010,125,"Comedy,Romance"
tt0085959,Monty Python's the Meaning of Life,1983,107,"Comedy,Musical"
tt9243804,The Green Knight,2021,130,"Adventure,Drama,Fantasy"
tt0250687,Rat Race,2001,112,"Action,Adventure,Comedy"
tt0218967,The Family Man,2000,125,"Comedy,Drama,Fantasy"
tt1025100,Gemini Man,2019,117,"Action,Sci-Fi,Thriller"
tt0472062,Charlie Wilson's War,2007,102,"Biography,Comedy,Drama"
tt0430357,Miami Vice,2006,132,"Action,Crime,Drama"
tt0422720,Marie Antoinette,2006,123,"Biography,Drama,History"
tt0117218,The Nutty Professor,1996,95,"Comedy,Romance,Sci-Fi"
tt6048922,Greyhound,2020,91,"Drama,History,War"
tt0064665,Midnight Cowboy,1969,113,Drama
tt0435651,The Giver,2014,97,"Drama,Romance,Sci-Fi"
tt0094862,Child's Play,1988,87,"Horror,Thriller"
tt0085794,The King of Comedy,1982,109,"Comedy,Crime,Drama"
tt1172049,Demolition,2015,101,"Comedy,Drama"
tt0240890,Serendipity,2001,90,"Comedy,Romance"
tt4777008,Maleficent: Mistress of Evil,2019,119,"Adventure,Drama,Family"
tt0146838,Any Given Sunday,1999,162,"Drama,Sport"
tt0397101,The Skeleton Key,2005,104,"Drama,Horror,Mystery"
tt0112461,The Basketball Diaries,1995,102,"Biography,Crime,Drama"
tt0203019,Men of Honor,2000,129,"Biography,Drama"
tt23561236,American Fiction,2023,117,"Comedy,Drama"
tt1524930,Vacation,2015,99,"Adventure,Comedy"
tt0113855,Mortal Kombat,1995,101,"Action,Adventure,Fantasy"
tt0182789,Bicentennial Man,1999,132,"Drama,Romance,Sci-Fi"
tt1981128,Geostorm,2017,111,"Action,Sci-Fi,Thriller"
tt0355295,The Brothers Grimm,2005,118,"Action,Adventure,Comedy"
tt1615160,The Foreigner,2017,113,"Action,Crime,Thriller"
tt15325794,Fall,2022,107,"Action,Thriller"
tt10189514,Soorarai Pottru,2020,153,Drama
tt1355630,If I Stay,2014,107,"Comedy,Drama,Fantasy"
tt14539740,Godzilla x Kong: The New Empire,2024,115,"Action,Adventure,Fantasy"
tt0113492,Judge Dredd,1995,96,"Action,Crime,Sci-Fi"
tt0119395,The Jackal,1997,124,"Action,Crime,Drama"
tt1206543,Out of the Furnace,2013,116,"Crime,Drama,Thriller"
tt0327554,Catwoman,2004,104,"Action,Crime,Fantasy"
tt4849438,Baahubali 2: The Conclusion,2017,167,"Action,Drama"
tt0256415,Sweet Home Alabama,2002,108,"Comedy,Romance"
tt4495098,Gran Turismo,2023,134,"Action,Adventure,Drama"
tt0365907,A Walk Among the Tombstones,2014,114,"Action,Crime,Drama"
tt0289992,The Life of David Gale,2003,130,"Crime,Drama,Mystery"
tt0162346,Ghost World,2001,111,"Comedy,Drama"
tt4589218,Five Nights at Freddy's,2023,109,"Horror,Mystery,Thriller"
tt0056801,8½,1963,138,Drama
tt0490215,Silence,2016,161,"Drama,History"
tt0317198,Bridget Jones: The Edge of Reason,2004,108,"Comedy,Drama,Romance"
tt14208870,The Fabelmans,2022,151,Drama
tt1228987,Let Me In,2010,116,"Drama,Fantasy,Horror"
tt1000774,Sex and the City,2008,145,"Comedy,Drama,Romance"
tt0082010,An American Werewolf in London,1981,97,"Comedy,Horror"
tt29268110,Smile 2,2024,127,"Horror,Mystery,Thriller"
tt1854564,Percy Jackson: Sea of Monsters,2013,106,"Adventure,Family,Fantasy"
tt1590193,The Commuter,2018,104,"Action,Mystery,Thriller"
tt2567026,Alice Through the Looking Glass,2016,113,"Adventure,Family,Fantasy"
tt1071875,Ghost Rider: Spirit of Vengeance,2011,96,"Action,Fantasy,Thriller"
tt0216216,The 6th Day,2000,123,"Action,Mystery,Sci-Fi"
tt0462590,Step Up,2006,104,"Crime,Drama,Music"
tt5164432,"Love, Simon",2018,110,"Comedy,Drama,Romance"
tt0164184,The Sum of All Fears,2002,124,"Action,Drama,Thriller"
tt0455824,Australia,2008,165,"Adventure,Drama,Romance"
tt0080487,Caddyshack,1980,98,"Comedy,Sport"
tt0053198,The 400 Blows,1959,99,"Crime,Drama"
tt0313737,Two Weeks Notice,2002,101,"Comedy,Romance"
tt0467197,Max Payne,2008,100,"Action,Crime,Drama"
tt1258197,Exam,2009,101,"Crime,Mystery,Thriller"
tt0113749,Mallrats,1995,94,"Comedy,Romance"
tt0418689,Flags of Our Fathers,2006,135,"Action,Adventure,Drama"
tt0120632,City of Angels,1998,114,"Drama,Fantasy,Romance"
tt1911644,The Call,2013,94,"Drama,Horror,Thriller"
tt5323662,A Silent Voice: The Movie,2016,130,"Animation,Drama"
tt4501244,Why Him?,2016,111,Comedy
tt7401588,Instant Family,2018,118,"Comedy,Drama"
tt0449010,Eragon,2006,104,"Action,Adventure,Family"
tt0480025,This Is England,2006,101,"Crime,Drama"
tt1233227,Saw VI,2009,90,"Horror,Mystery,Thriller"
tt0088128,Sixteen Candles,1984,93,"Comedy,Romance"
tt10298810,Lightyear,2022,105,"Action,Adventure,Animation"
tt2404233,Gods of Egypt,2016,127,"Action,Adventure,Drama"
tt0112740,Crimson Tide,1995,116,"Action,Drama,Thriller"
tt5742374,You Were Never Really Here,2017,89,"Crime,Drama,Thriller"
tt0227538,Spy Kids,2001,88,"Action,Adventure,Comedy"
tt0328880,Brother Bear,2003,85,"Adventure,Animation,Comedy"
tt0433400,Just Friends,2005,96,"Comedy,Romance"
tt1862079,Safety Not Guaranteed,2012,86,"Adventure,Comedy,Drama"
tt0084726,Star Trek II: The Wrath of Khan,1982,113,"Action,Adventure,Sci-Fi"
tt0361596,Fahrenheit 9/11,2004,122,"Documentary,Drama,War"
tt6394270,Bombshell,2019,109,"Biography,Drama"
tt0101410,Barton Fink,1991,116,"Comedy,Drama,Thriller"
tt1135503,Julie & Julia,2009,123,"Biography,Drama,Romance"
tt0071360,The Conversation,1974,113,"Drama,Mystery,Thriller"
tt7599146,Sound of Freedom,2023,131,"Biography,Crime,Drama"
tt0268695,The Time Machine,2002,96,"Action,Adventure,Sci-Fi"
tt0059800,Thunderball,1965,130,"Action,Adventure,Thriller"
tt1904996,Parker,2013,118,"Action,Crime,Thriller"
tt0113118,Friday,1995,91,"Comedy,Drama"
tt21823606,A Real Pain,2024,90,"Comedy,Drama"
tt0329101,Freddy vs. Jason,2003,97,"Action,Horror"
tt0077975,National Lampoon's Animal House,1978,109,Comedy
tt0190138,The Whole Nine Yards,2000,98,"Comedy,Crime"
tt0114388,Sense and Sensibility,1995,136,"Drama,Romance"
tt0480687,Hall Pass,2011,105,"Comedy,Romance"
tt10295212,Shershaah,2021,135,"Action,Biography,Drama"
tt0077402,Dawn of the Dead,1978,127,"Horror,Thriller"
tt2557478,Pacific Rim: Uprising,2018,111,"Action,Adventure,Sci-Fi"
tt1924396,The Best Offer,2013,131,"Crime,Drama,Mystery"
tt8503618,Hamilton,2020,160,"Biography,Drama,History"
tt0074119,All the President's Men,1976,138,"Drama,History,Thriller"
tt4438848,Neighbors 2: Sorority Rising,2016,92,Comedy
tt1389072,Downsizing,2017,135,"Drama,Fantasy,Sci-Fi"
tt0402022,Æon Flux,2005,93,"Action,Adventure,Sci-Fi"
tt0455407,The Crazies,2010,101,Horror
tt0314353,Tears of the Sun,2003,121,"Action,Drama,Thriller"
tt0119303,Home Alone 3,1997,102,"Action,Comedy,Crime"
tt0431197,The Kingdom,2007,110,"Action,Drama,Thriller"
tt12915716,Adipurush,2023,179,"Action,Drama"
tt0117731,Star Trek: First Contact,1996,111,"Action,Adventure,Drama"
tt1298649,The Watch,2012,102,"Comedy,Sci-Fi"
tt0842926,The Kids Are All Right,2010,106,"Comedy,Drama,Romance"
tt0338564,Infernal Affairs,2002,101,"Crime,Drama,Mystery"
tt0293508,The Phantom of the Opera,2004,143,"Drama,Musical,Romance"
tt0362120,Scary Movie 4,2006,83,Comedy
tt3846674,To All the Boys I've Loved Before,2018,99,"Comedy,Drama,Romance"
tt2494362,Bone Tomahawk,2015,132,"Drama,Horror,Western"
tt8110330,Dil Bechara,2020,101,"Comedy,Drama,Romance"
tt0097351,Field of Dreams,1989,107,"Drama,Family,Fantasy"
tt0337741,Something's Gotta Give,2003,128,"Comedy,Drama,Romance"
tt1616195,J. Edgar,2011,137,"Biography,Drama,Romance"
tt0257360,About Schmidt,2002,125,Drama
tt1937390,Nymphomaniac: Vol. I,2013,117,Drama
tt0087884,"Paris, Texas",1984,145,Drama
tt1979388,The Good Dinosaur,2015,93,"Action,Adventure,Animation"
tt1692486,Carnage,2011,80,"Comedy,Drama"
tt0365737,Syriana,2005,128,"Drama,Thriller"
tt0450232,16 Blocks,2006,102,"Action,Drama,Thriller"
tt2265171,The Raid 2,2014,150,"Action,Crime,Thriller"
tt1528854,Daddy's Home,2015,96,"Comedy,Family"
tt0373883,Halloween,2007,109,Horror
tt0305357,Charlie's Angels: Full Throttle,2003,106,"Action,Adventure,Comedy"
tt0096446,Willow,1988,126,"Action,Adventure,Drama"
tt0120657,The 13th Warrior,1999,102,"Action,Adventure,History"
tt1615065,Savages,2012,131,"Crime,Drama,Thriller"
tt0267913,Scooby-Doo,2002,86,"Adventure,Comedy,Family"
tt14138650,The Pale Blue Eye,2022,128,"Crime,Horror,Mystery"
tt22687790,A Haunting in Venice,2023,103,"Crime,Drama,Horror"
tt10016180,The Little Things,2021,128,"Crime,Drama,Mystery"
tt0265459,One Hour Photo,2002,96,"Drama,Thriller"
tt1144884,The Final Destination,2009,82,"Horror,Thriller"
tt1489887,Booksmart,2019,102,Comedy
tt14364480,Wake Up Dead Man,2025,144,"Comedy,Crime,Drama"
tt0102510,The Naked Gun 2½: The Smell of Fear,1991,85,"Comedy,Crime"
tt14998742,Rebel Moon - Part One: A Child of Fire,2023,133,"Action,Adventure,Drama"
tt0443649,"10,000 BC",2008,109,"Action,Adventure,Drama"
tt0060827,Persona,1966,83,"Drama,Thriller"
tt0245574,Y tu mamá también,2001,106,Drama
tt5638642,The Ritual,2017,94,"Horror,Mystery,Thriller"
tt0120890,Wild Things,1998,108,"Crime,Drama,Mystery"
tt1038919,The Bounty Hunter,2010,110,"Action,Comedy,Romance"
tt15679400,Knock at the Cabin,2023,100,"Horror,Mystery,Thriller"
tt0373051,Journey to the Center of the Earth,2008,93,"Action,Adventure,Family"
tt4034354,Swiss Army Man,2016,97,"Comedy,Drama,Fantasy"
tt1204975,Last Vegas,2013,105,Comedy
tt2884206,I Origins,2014,106,"Drama,Mystery,Romance"
tt7979580,The Mitchells vs. the Machines,2021,114,"Adventure,Animation,Comedy"
tt1067106,A Christmas Carol,2009,96,"Adventure,Animation,Comedy"
tt2312718,Homefront,2013,100,"Action,Crime,Thriller"
tt0433362,Daybreakers,2009,98,"Action,Horror,Sci-Fi"
tt2763304,T2 Trainspotting,2017,117,"Comedy,Crime,Drama"
tt0040897,The Treasure of the Sierra Madre,1948,126,"Adventure,Drama,Western"
tt4651520,Bad Moms,2016,100,Comedy
tt1448755,Killer Elite,2011,116,"Action,Crime,Thriller"
tt3748172,Gerald's Game,2017,103,"Drama,Horror,Thriller"
tt3967856,Okja,2017,120,"Action,Adventure,Drama"
tt1860213,Dirty Grandpa,2016,102,Comedy
tt1174732,An Education,2009,100,Drama
tt0309987,The Dreamers,2003,115,"Drama,Romance"
tt3488710,The Walk,2015,123,"Adventure,Biography,Drama"
tt14961016,I'm Still Here,2024,137,"Biography,Drama,History"
tt1790886,The Campaign,2012,85,Comedy
tt0453451,Mr. Bean's Holiday,2007,90,"Comedy,Family"
tt0112431,Babe,1995,91,"Comedy,Drama,Family"
tt1488589,Guillermo del Toro's Pinocchio,2022,117,"Adventure,Animation,Drama"
tt2503944,Burnt,2015,101,"Comedy,Drama"
tt1234548,The Men Who Stare at Goats,2009,94,"Comedy,War"
tt0184894,Shanghai Noon,2000,110,"Action,Adventure,Comedy"
tt0092965,Empire of the Sun,1987,153,"Drama,War"
tt0074486,Eraserhead,1977,89,"Fantasy,Horror"
tt14230388,Asteroid City,2023,105,"Comedy,Drama,Romance"
tt0055630,Yojimbo,1961,110,"Action,Drama,Thriller"
tt1482459,The Lorax,2012,86,"Adventure,Animation,Comedy"
tt0468492,The Host,2006,120,"Drama,Horror,Sci-Fi"
tt14966898,Late Night with the Devil,2023,93,Horror
tt0251075,Evolution,2001,101,"Comedy,Sci-Fi"
tt0227445,The Score,2001,124,"Crime,Drama,Thriller"
tt0120789,Pleasantville,1998,124,"Comedy,Drama,Fantasy"
tt1205537,Jack Ryan: Shadow Recruit,2014,105,"Action,Drama,Thriller"
tt5433140,Fast X,2023,141,"Action,Adventure,Crime"
tt0117438,Ransom,1996,121,"Action,Crime,Drama"
tt1538403,The Mortal Instruments: City of Bones,2013,130,"Action,Adventure,Fantasy"
tt9495224,Black Mirror: Bandersnatch,2018,90,"Drama,Fantasy,Mystery"
tt0125664,Man on the Moon,1999,118,"Biography,Comedy,Drama"
tt10151854,Shazam! Fury of the Gods,2023,130,"Action,Adventure,Comedy"
tt1536537,What Happened to Monday,2017,123,"Action,Crime,Fantasy"
tt1034032,Gamer,2009,95,"Action,Sci-Fi,Thriller"
tt0084827,Tron,1982,96,"Action,Adventure,Sci-Fi"
tt0113627,Leaving Las Vegas,1995,111,"Drama,Romance"
tt0870984,Antichrist,2009,108,"Drama,Horror,Thriller"
tt5758778,Skyscraper,2018,102,"Action,Adventure,Thriller"
tt0397065,House of Wax,2005,113,"Horror,Thriller"
tt1924435,Let's Be Cops,2014,104,"Action,Comedy,Crime"
tt2582496,Me and Earl and the Dying Girl,2015,105,"Comedy,Drama"
tt0161081,What Lies Beneath,2000,130,"Drama,Horror,Mystery"
tt0424345,Clerks II,2006,97,Comedy
tt0295700,Wrong Turn,2003,84,"Horror,Thriller"
tt1055292,Life as We Know It,2010,114,"Comedy,Drama,Romance"
tt0012349,The Kid,1921,68,"Comedy,Drama,Family"
tt0918927,Doubt,2008,104,"Drama,Mystery"
tt0114069,Outbreak,1995,127,"Action,Drama,Thriller"
tt0107977,Robin Hood: Men in Tights,1993,104,"Adventure,Comedy,Musical"
tt0452594,The Break-Up,2006,106,"Comedy,Drama,Romance"
tt0325805,Matchstick Men,2003,116,"Comedy,Crime,Drama"
tt0384793,Accepted,2006,93,Comedy
tt3410834,The Divergent Series: Allegiant,2016,120,"Action,Adventure,Fantasy"
tt5649144,The Florida Project,2017,111,Drama
tt0427327,Hairspray,2007,117,"Comedy,Drama,Musical"
tt0070666,Serpico,1973,130,"Biography,Crime,Drama"
tt0070511,Papillon,1973,151,"Biography,Crime,Drama"
tt0075005,The Omen,1976,111,"Horror,Mystery"
tt0164052,Hollow Man,2000,112,"Action,Horror,Sci-Fi"
tt8404614,The Two Popes,2019,125,"Biography,Drama"
tt2305051,Wild,2014,115,"Adventure,Biography,Drama"
tt0758730,Aliens vs. Predator: Requiem,2007,94,"Action,Horror,Sci-Fi"
tt0118617,Anastasia,1997,94,"Adventure,Animation,Drama"
tt0481536,Harold & Kumar Escape from Guantanamo Bay,2008,114,"Adventure,Comedy"
tt4302938,Kubo and the Two Strings,2016,101,"Action,Adventure,Animation"
tt3606752,Cars 3,2017,102,"Adventure,Animation,Comedy"
tt0230011,Atlantis: The Lost Empire,2001,95,"Action,Adventure,Animation"
tt17663992,Scream VI,2023,122,"Horror,Mystery,Thriller"
tt0133240,Treasure Planet,2002,95,"Action,Adventure,Animation"
tt0133751,The Faculty,1998,104,"Horror,Mystery,Sci-Fi"
tt0096320,Twins,1988,107,"Comedy,Crime"
tt1187064,Triangle,2009,99,"Fantasy,Mystery,Sci-Fi"
tt0274558,The Hours,2002,110,"Drama,Romance"
tt3531824,Nerve,2016,96,"Adventure,Crime,Drama"
tt0111070,The Santa Clause,1994,97,"Comedy,Drama,Family"
tt0292506,The Recruit,2003,115,"Action,Thriller"
tt1132626,Saw V,2008,92,"Horror,Thriller"
tt3152624,Trainwreck,2015,125,"Comedy,Drama,Romance"
tt0092644,Beverly Hills Cop II,1987,103,"Action,Comedy,Crime"
tt0816442,The Book Thief,2013,131,"Drama,War"
tt0947810,Green Zone,2010,115,"Action,Drama,Thriller"
tt0106582,Cliffhanger,1993,113,"Action,Adventure,Thriller"
tt2692250,Night at the Museum: Secret of the Tomb,2014,98,"Adventure,Comedy,Family"
tt9619824,Final Destination: Bloodlines,2025,110,"Horror,Thriller"
tt2024432,Identity Thief,2013,111,"Comedy,Crime,Drama"
tt16366836,Venom: The Last Dance,2024,110,"Action,Adventure,Horror"
tt0087928,Police Academy,1984,96,Comedy
tt0327850,The Rundown,2003,104,"Action,Adventure,Comedy"
tt2177771,The Monuments Men,2014,118,"Biography,Comedy,Drama"
tt0118842,Chasing Amy,1997,113,"Comedy,Drama,Romance"
tt0042192,All About Eve,1950,138,Drama
tt1172570,Bronson,2008,92,"Action,Crime,Drama"
tt0424095,Flushed Away,2006,85,"Action,Adventure,Animation"
tt0044079,Strangers on a Train,1951,101,"Crime,Drama,Film-Noir"
tt0095956,Rambo III,1988,102,"Action,Adventure,Thriller"
tt1634122,Johnny English Reborn,2011,101,"Action,Adventure,Comedy"
tt0379725,Capote,2005,114,"Biography,Crime,Drama"
tt0404032,The Exorcism of Emily Rose,2005,119,"Drama,Horror,Thriller"
tt0070608,Robin Hood,1973,83,"Adventure,Animation,Comedy"
tt0096928,Bill & Ted's Excellent Adventure,1989,90,"Adventure,Comedy,Music"
tt0100150,Miller's Crossing,1990,115,"Crime,Drama,Thriller"
tt3566834,A Minecraft Movie,2025,101,"Action,Adventure,Comedy"
tt2388715,Oculus,2013,104,"Horror,Mystery,Thriller"
tt1622979,Final Destination 5,2011,92,"Horror,Thriller"
tt0067116,The French Connection,1971,104,"Action,Crime,Drama"
tt0417148,Snakes on a Plane,2006,105,"Action,Adventure,Crime"
tt0104070,Death Becomes Her,1992,104,"Comedy,Fantasy,Horror"
tt0475290,"Hail, Caesar!",2016,106,"Comedy,Drama,Mystery"
tt5462602,The Big Sick,2017,120,"Comedy,Drama,Romance"
tt1878870,The Edge of Seventeen,2016,104,"Comedy,Drama,Romance"
tt0063350,Night of the Living Dead,1968,96,"Horror,Thriller"
tt0089881,Ran,1985,160,"Action,Drama,War"
tt3316960,Still Alice,2014,101,Drama
tt0343135,Along Came Polly,2004,90,"Comedy,Romance"
tt1549920,The Last Stand,2013,107,"Action,Drama,Thriller"
tt0033563,Dumbo,1941,64,"Adventure,Animation,Drama"
tt0134273,8MM,1999,123,"Crime,Drama,Mystery"
tt0149261,Deep Blue Sea,1999,105,"Action,Adventure,Sci-Fi"
tt8244784,The Hunt,2020,90,"Action,Horror,Thriller"
tt0259446,My Big Fat Greek Wedding,2002,95,"Comedy,Drama,Romance"
tt0790736,R.I.P.D.,2013,96,"Action,Adventure,Comedy"
tt0249462,Billy Elliot,2000,110,"Drama,Music"
tt0325703,Lara Croft: Tomb Raider - The Cradle of Life,2003,117,"Action,Adventure,Fantasy"
tt0054331,Spartacus,1960,197,"Adventure,Biography,Drama"
tt0277296,The Scorpion King,2002,92,"Action,Adventure,Fantasy"
tt1259528,Den of Thieves,2018,140,"Action,Crime,Drama"
tt4786282,Lights Out,2016,81,"Horror,Mystery"
tt4698684,Hunt for the Wilderpeople,2016,101,"Adventure,Comedy,Drama"
tt1571234,Mortal Engines,2018,128,"Action,Adventure,Fantasy"
tt2631186,Baahubali: The Beginning,2015,159,"Action,Drama"
tt0804497,It's Kind of a Funny Story,2010,101,"Comedy,Drama,Romance"
tt2446980,Joy,2015,124,"Biography,Drama"
tt0253556,Reign of Fire,2002,101,"Action,Adventure,Fantasy"
tt5177120,The Ministry of Ungentlemanly Warfare,2024,122,"Action,Comedy,War"
tt0242423,"Dude, Where's My Car?",2000,83,"Comedy,Mystery,Sci-Fi"
tt4062536,Green Room,2015,95,"Horror,Thriller"
tt0815236,She's Out of My League,2010,104,"Comedy,Romance"
tt1915581,Magic Mike,2012,110,"Comedy,Drama,Music"
tt4846232,Good Time,2017,102,"Crime,Drama,Thriller"
tt0310793,Bowling for Columbine,2002,120,"Crime,Documentary,Drama"
tt0251160,John Q,2002,116,"Crime,Drama,Thriller"
tt0097441,Glory,1989,122,"Biography,Drama,History"
tt0093177,Hellraiser,1987,94,"Horror,Thriller"
tt2402927,Carol,2015,118,"Drama,Romance"
tt2096672,Dumb and Dumber To,2014,109,Comedy
tt4052882,The Shallows,2016,86,"Drama,Horror,Thriller"
tt0120784,Payback,1999,100,"Action,Crime,Drama"
tt0256380,Shallow Hal,2001,114,"Comedy,Drama,Fantasy"
tt2180411,Into the Woods,2014,125,"Adventure,Comedy,Drama"
tt0385880,Monster House,2006,91,"Animation,Comedy,Family"
tt0079522,Manhattan,1979,96,"Comedy,Drama,Romance"
tt7737786,Greenland,2020,119,"Action,Adventure,Thriller"
tt0905372,The Thing,2011,103,"Horror,Mystery,Sci-Fi"
tt2101441,Spring Breakers,2012,94,"Crime,Drama,Thriller"
tt1109624,Paddington,2014,95,"Adventure,Comedy,Family"
tt2561572,Get Hard,2015,100,"Comedy,Crime,Drama"
tt1351685,Jack the Giant Slayer,2013,114,"Action,Adventure,Fantasy"
tt1100089,Foxcatcher,2014,134,"Biography,Drama,History"
tt1648190,The Dark Tower,2017,95,"Action,Adventure,Drama"
tt18925334,Pearl,2022,103,"Drama,Horror,Thriller"
tt9411972,Where the Crawdads Sing,2022,125,"Drama,Mystery,Romance"
tt1939659,Carrie,2013,100,"Drama,Horror,Thriller"
tt0079944,Stalker,1979,162,"Drama,Sci-Fi"
tt3874544,The Boss Baby,2017,97,"Adventure,Animation,Comedy"
tt0387131,The Constant Gardener,2005,129,"Drama,Mystery,Romance"
tt0057076,From Russia with Love,1963,115,"Action,Adventure,Thriller"
tt0104952,My Cousin Vinny,1992,120,"Comedy,Crime"
tt0263488,Jeepers Creepers,2001,90,"Horror,Mystery"
tt14948432,Red One,2024,123,"Action,Adventure,Comedy"
tt0472033,9,2009,79,"Action,Adventure,Animation"
tt0482606,The Strangers,2008,86,"Horror,Mystery,Thriller"
tt1086772,Blended,2014,117,"Comedy,Romance"
tt1058017,The Invention of Lying,2009,100,"Comedy,Fantasy,Romance"
tt0312004,Wallace & Gromit: The Curse of the Were-Rabbit,2005,85,"Adventure,Animation,Comedy"
tt0471042,Tower Heist,2011,104,"Action,Comedy,Crime"
tt11271038,Licorice Pizza,2021,133,"Comedy,Drama,Romance"
tt4481414,Gifted,2017,101,Drama
tt1399683,Winter's Bone,2010,100,"Crime,Drama,Mystery"
tt13654226,The Gorge,2025,127,"Action,Adventure,Horror"
tt0091203,Highlander,1986,116,"Action,Adventure,Fantasy"
tt0475394,Smokin' Aces,2006,108,"Action,Comedy,Crime"
tt9893250,I Care a Lot,2020,118,"Comedy,Crime,Drama"
tt0046250,Roman Holiday,1953,118,"Comedy,Drama,Romance"
tt17024450,The Equalizer 3,2023,109,"Action,Crime,Thriller"
tt26753003,Trap,2024,105,"Crime,Horror,Mystery"
tt5886046,Escape Room,2019,99,"Action,Adventure,Horror"
tt1019452,A Serious Man,2009,106,"Comedy,Drama"
tt1054606,The Imaginarium of Doctor Parnassus,2009,123,"Adventure,Comedy,Fantasy"
tt0391198,The Grudge,2004,91,"Horror,Mystery,Thriller"
tt1855325,Resident Evil: Retribution,2012,95,"Action,Horror,Sci-Fi"
tt2222042,Love and Monsters,2020,109,"Action,Adventure,Comedy"
tt0451079,Horton Hears a Who!,2008,86,"Adventure,Animation,Comedy"
tt0443274,Vantage Point,2008,90,"Action,Drama,Thriller"
tt2381111,Brooklyn,2015,117,"Drama,Romance"
tt0103855,The Bodyguard,1992,129,"Drama,Music,Romance"
tt1390411,In the Heart of the Sea,2015,122,"Action,Adventure,Biography"
tt0889583,Brüno,2009,81,Comedy
tt2034800,The Great Wall,2016,103,"Action,Adventure,Fantasy"
tt0245844,The Count of Monte Cristo,2002,131,"Action,Adventure,Drama"
tt0112642,Casper,1995,100,"Comedy,Family,Fantasy"
tt0277434,We Were Soldiers,2002,138,"Action,Drama,History"
tt0465602,Shoot 'Em Up,2007,86,"Action,Comedy,Thriller"
tt0088258,This Is Spinal Tap,1984,82,"Comedy,Music"
tt2283336,Men in Black: International,2019,114,"Action,Adventure,Comedy"
tt0164912,Stuart Little,1999,84,"Adventure,Comedy,Family"
tt1758830,This Is 40,2012,134,"Comedy,Drama,Romance"
tt0301357,Good Bye Lenin!,2003,121,"Comedy,Drama,Romance"
tt1488606,Triple Frontier,2019,125,"Action,Adventure,Thriller"
tt2510894,Hotel Transylvania 2,2015,89,"Adventure,Animation,Comedy"
tt1615147,Margin Call,2011,107,"Drama,Thriller"
tt5776858,Phantom Thread,2017,130,"Drama,Romance"
tt1389137,We Bought a Zoo,2011,124,"Comedy,Drama,Family"
tt1334260,Never Let Me Go,2010,103,"Drama,Romance"
tt0257076,S.W.A.T.,2003,117,"Action,Adventure,Crime"
tt0093822,Raising Arizona,1987,94,"Comedy,Crime"
tt1764234,Killing Them Softly,2012,97,"Crime,Drama,Thriller"
tt0106918,The Firm,1993,154,"Drama,Mystery,Thriller"
tt0051201,Witness for the Prosecution,1957,116,"Crime,Drama,Mystery"
tt2854926,Tag,2018,100,"Action,Comedy"
tt2203939,The Other Woman,2014,109,"Comedy,Romance"
tt15789038,Elemental,2023,101,"Adventure,Animation,Comedy"
tt10676048,The Marvels,2023,105,"Action,Adventure,Sci-Fi"
tt0120794,The Prince of Egypt,1998,99,"Adventure,Animation,Drama"
tt0048280,Lady and the Tramp,1955,76,"Adventure,Animation,Comedy"
tt0100507,Rocky V,1990,104,"Drama,Sport"
tt26584495,Companion,2025,97,"Sci-Fi,Thriller"
tt0762107,I Now Pronounce You Chuck & Larry,2007,115,"Comedy,Romance"
tt3829266,The Predator,2018,107,"Action,Adventure,Sci-Fi"
tt7160372,The Zone of Interest,2023,105,"Drama,History,War"
tt1034303,Defiance,2008,137,"Action,Drama,History"
tt0290673,Irreversible,2002,97,"Crime,Drama,Mystery"
tt0324216,The Texas Chainsaw Massacre,2003,98,Horror
tt8009428,Hustle,2022,117,"Comedy,Drama,Sport"
tt0335438,Starsky & Hutch,2004,101,"Comedy,Crime"
tt0089530,Mad Max Beyond Thunderdome,1985,107,"Action,Adventure,Sci-Fi"
tt0277027,I Am Sam,2001,132,Drama
tt3289956,The Autopsy of Jane Doe,2016,86,"Horror,Mystery,Thriller"
tt0096256,They Live,1988,94,"Action,Horror,Sci-Fi"
tt0032976,Rebecca,1940,130,"Drama,Mystery,Romance"
tt0373074,Kung Fu Hustle,2004,99,"Action,Comedy,Fantasy"
tt0413099,Evan Almighty,2007,96,"Comedy,Family,Fantasy"
tt0079116,Escape from Alcatraz,1979,112,"Biography,Crime,Drama"
tt0369441,Fun with Dick and Jane,2005,90,"Comedy,Crime"
tt0091369,Labyrinth,1986,101,"Adventure,Family,Fantasy"
tt1568338,Man on a Ledge,2012,102,"Action,Crime,Thriller"
tt1403981,Remember Me,2010,113,"Drama,Romance"
tt0280590,Mr. Deeds,2002,96,"Comedy,Romance"
tt1588170,I Saw the Devil,2010,144,"Action,Thriller"
tt0071230,Blazing Saddles,1974,93,"Comedy,Western"
tt0780571,Mr. Brooks,2007,120,"Crime,Drama,Mystery"
tt0989757,Dear John,2010,108,"Drama,Romance,War"
tt0159365,Cold Mountain,2003,154,"Adventure,Drama,Romance"
tt13143964,Borat Subsequent Moviefilm,2020,95,Comedy
tt1727388,The Way Way Back,2013,103,"Comedy,Drama"
tt0034492,Bambi,1942,69,"Adventure,Animation,Drama"
tt0040746,Rope,1948,80,"Crime,Drama,Mystery"
tt0046183,Peter Pan,1953,77,"Adventure,Animation,Family"
tt0093105,"Good Morning, Vietnam",1987,121,"Biography,Comedy,Drama"
tt0095159,A Fish Called Wanda,1988,108,"Comedy,Crime"
tt0100814,Tremors,1990,96,"Comedy,Horror"
tt13345606,Evil Dead Rise,2023,96,Horror
tt26047818,Anyone But You,2023,103,"Comedy,Romance"
tt0421239,Red Eye,2005,85,Thriller
tt0350258,Ray,2004,152,"Biography,Drama,Music"
tt0410297,The Lake House,2006,99,"Drama,Fantasy,Romance"
tt0079417,Kramer vs. Kramer,1979,105,Drama
tt8847712,The French Dispatch,2021,107,"Comedy,Drama,Romance"
tt0452694,The Time Traveler's Wife,2009,107,"Drama,Fantasy,Romance"
tt0043274,Alice in Wonderland,1951,75,"Adventure,Animation,Comedy"
tt11389872,Kingdom of the Planet of the Apes,2024,145,"Action,Adventure,Drama"
tt0119738,My Best Friend's Wedding,1997,105,"Comedy,Drama,Romance"
tt1314655,Devil,2010,80,"Horror,Mystery,Thriller"
tt0090728,Big Trouble in Little China,1986,99,"Action,Adventure,Comedy"
tt23849204,12th Fail,2023,147,"Biography,Drama"
tt12844910,Pathaan,2023,146,"Action,Adventure,Thriller"
tt7069210,The Conjuring: The Devil Made Me Do It,2021,112,"Horror,Mystery,Thriller"
tt0120102,Seven Years in Tibet,1997,136,"Adventure,Biography,Drama"
tt0805564,Lars and the Real Girl,2007,106,"Comedy,Drama,Romance"
tt0473705,State of Play,2009,127,"Crime,Drama,Mystery"
tt0261392,Jay and Silent Bob Strike Back,2001,104,Comedy
tt0120768,The Negotiator,1998,140,"Action,Crime,Drama"
tt1121931,Crank: High Voltage,2009,96,"Action,Thriller"
tt13238346,Past Lives,2023,105,"Drama,Romance"
tt0101507,Boyz n the Hood,1991,112,"Crime,Drama"
tt0112508,Billy Madison,1995,89,Comedy
tt7395114,The Devil All the Time,2020,138,"Crime,Drama,Thriller"
tt0307987,Bad Santa,2003,92,"Comedy,Crime,Drama"
tt1188729,Pandorum,2009,108,"Action,Horror,Mystery"
tt1638002,"Love, Rosie",2014,102,"Comedy,Romance"
tt1496025,Underworld: Awakening,2012,88,"Action,Fantasy,Horror"
tt7959026,The Mule,2018,116,"Crime,Drama,Thriller"
tt31036941,Jurassic World: Rebirth,2025,133,"Action,Adventure,Sci-Fi"
tt4566758,Mulan,2020,115,"Action,Adventure,Drama"
tt0430105,Four Brothers,2005,109,"Action,Crime,Drama"
tt0276919,Dogville,2003,171,"Crime,Drama"
tt10698680,K.G.F: Chapter 2,2022,166,"Action,Crime,Drama"
tt0128442,Rounders,1998,121,"Crime,Drama"
tt2692904,Locke,2013,85,Drama
tt9620288,King Richard,2021,144,"Biography,Drama,Sport"
tt1611224,Abraham Lincoln: Vampire Hunter,2012,105,"Action,Fantasy,Horror"
tt5022702,Hush,2016,82,"Horror,Thriller"
tt5140878,Annabelle: Creation,2017,109,"Horror,Mystery,Thriller"
tt1714206,The Spectacular Now,2013,95,"Drama,Romance"
tt6343314,Creed II,2018,130,"Action,Drama,Sport"
tt0116922,Lost Highway,1997,134,"Drama,Mystery,Thriller"
tt1131734,Jennifer's Body,2009,102,"Comedy,Horror"
tt2554274,Crimson Peak,2015,119,"Drama,Horror,Mystery"
tt0088323,The NeverEnding Story,1984,102,"Adventure,Drama,Family"
tt0122933,Analyze This,1999,103,"Comedy,Crime"
tt13433802,A Quiet Place: Day One,2024,99,"Drama,Horror,Sci-Fi"
tt2866360,Coherence,2013,89,"Mystery,Sci-Fi,Thriller"
tt0990407,The Green Hornet,2011,119,"Action,Comedy,Crime"
tt0765010,Brothers,2009,105,"Drama,Thriller,War"
tt2049403,Beetlejuice Beetlejuice,2024,105,"Comedy,Fantasy,Horror"
tt1441395,Under the Skin,2013,108,"Drama,Horror,Mystery"
tt0306047,Scary Movie 3,2003,84,Comedy
tt1600196,The Drop,2014,106,"Crime,Drama,Mystery"
tt5108870,Morbius,2022,104,"Action,Adventure,Horror"
tt16277242,Society of the Snow,2023,144,"Adventure,Biography,Drama"
tt0464141,The Orphanage,2007,105,"Drama,Horror,Mystery"
tt0385002,Green Street Hooligans,2005,109,"Crime,Drama,Sport"
tt12263384,Extraction II,2023,122,"Action,Crime,Thriller"
tt0120587,Antz,1998,83,"Adventure,Animation,Comedy"
tt0082340,Escape from New York,1981,99,"Action,Adventure,Sci-Fi"
tt3567288,The Visit,2015,94,"Horror,Mystery,Thriller"
tt9421570,The Guilty,2021,90,"Crime,Drama,Thriller"
tt0053285,Sleeping Beauty,1959,75,"Adventure,Animation,Family"
tt3521126,The Disaster Artist,2017,104,"Biography,Comedy,Drama"
tt6294822,The Post,2017,116,"Biography,Drama,History"
tt0032910,Pinocchio,1940,88,"Adventure,Animation,Comedy"
tt0113568,Ghost in the Shell,1995,83,"Action,Animation,Crime"
tt8097030,Turning Red,2022,100,"Adventure,Animation,Comedy"
tt1267297,Hercules,2014,98,"Action,Adventure,Fantasy"
tt0120783,The Parent Trap,1998,128,"Adventure,Comedy,Drama"
tt2042568,Inside Llewyn Davis,2013,104,"Drama,Music"
tt0397535,Memoirs of a Geisha,2005,145,"Drama,Romance"
tt0120681,From Hell,2001,122,"Crime,Horror,Mystery"
tt3774114,Snowden,2016,134,"Biography,Crime,Drama"
tt2975578,The Purge: Anarchy,2014,103,"Action,Horror,Sci-Fi"
tt16426418,Challengers,2024,131,"Comedy,Drama,Romance"
tt0107120,Hocus Pocus,1993,96,"Comedy,Family,Fantasy"
tt0340855,Monster,2003,109,"Biography,Crime,Drama"
tt0120888,The Wedding Singer,1998,97,"Comedy,Music,Romance"
tt1568911,War Horse,2011,146,"Adventure,Drama,War"
tt2278871,Blue Is the Warmest Colour,2013,180,"Drama,Romance"
tt0082198,Conan the Barbarian,1982,129,"Adventure,Fantasy"
tt0120891,Wild Wild West,1999,106,"Action,Comedy,Sci-Fi"
tt0358082,Robots,2005,91,"Adventure,Animation,Comedy"
tt11214590,House of Gucci,2021,158,"Biography,Crime,Drama"
tt0107362,Last Action Hero,1993,130,"Action,Adventure,Comedy"
tt7984766,The King,2019,140,"Biography,Drama,History"
tt0080761,Friday the 13th,1980,95,"Horror,Mystery,Thriller"
tt6266538,Vice,2018,132,"Biography,Comedy,Drama"
tt0033870,The Maltese Falcon,1941,100,"Crime,Drama,Film-Noir"
tt0094291,Wall Street,1987,126,"Crime,Drama"
tt10548174,28 Years Later,2025,115,"Horror,Sci-Fi,Thriller"
tt1057500,Invictus,2009,134,"Biography,Drama,History"
tt10731256,Don't Worry Darling,2022,123,"Drama,Mystery,Thriller"
tt0099938,Kindergarten Cop,1990,111,"Action,Comedy,Crime"
tt0435705,Next,2007,96,"Action,Sci-Fi,Thriller"
tt14513804,Captain America: Brave New World,2025,118,"Action,Adventure,Sci-Fi"
tt0424136,Hard Candy,2005,104,"Drama,Thriller"
tt15314262,The Beekeeper,2024,105,"Action,Crime,Thriller"
tt1091722,Adventureland,2009,107,"Comedy,Drama,Romance"
tt0834001,Underworld: Rise of the Lycans,2009,92,"Action,Fantasy,Thriller"
tt2386490,How to Train Your Dragon: The Hidden World,2019,104,"Action,Adventure,Animation"
tt13320622,The Lost City,2022,112,"Action,Adventure,Comedy"
tt0822832,Marley & Me,2008,115,"Drama,Family"
tt0099077,Awakenings,1990,121,"Biography,Drama"
tt2140373,Saving Mr. Banks,2013,125,"Biography,Comedy,Drama"
tt0322330,Freaky Friday,2003,97,"Comedy,Family,Fantasy"
tt0890870,Saw IV,2007,93,"Horror,Mystery,Thriller"
tt10545296,The Hunger Games: The Ballad of Songbirds & Snakes,2023,157,"Action,Adventure,Drama"
tt1980929,Begin Again,2013,104,"Comedy,Drama,Music"
tt5439796,Logan Lucky,2017,118,"Action,Comedy,Crime"
tt0093437,The Lost Boys,1987,97,"Comedy,Horror"
tt1462758,Buried,2010,95,"Drama,Mystery,Thriller"
tt0097523,"Honey, I Shrunk the Kids",1989,93,"Adventure,Comedy,Family"
tt0285823,Once Upon a Time in Mexico,2003,102,"Action,Crime,Thriller"
tt0980970,The Chronicles of Narnia: The Voyage of the Dawn Treader,2010,113,"Adventure,Family,Fantasy"
tt0963966,The Sorcerer's Apprentice,2010,109,"Action,Adventure,Family"
tt1139328,The Ghost Writer,2010,128,"Crime,Drama,Mystery"
tt0498380,Letters from Iwo Jima,2006,141,"Action,Adventure,Drama"
tt2120120,Pixels,2015,105,"Action,Adventure,Comedy"
tt0047296,On the Waterfront,1954,108,"Crime,Drama,Thriller"
tt11291274,The Unbearable Weight of Massive Talent,2022,107,"Action,Comedy,Crime"
tt3469046,Despicable Me 3,2017,89,"Adventure,Animation,Comedy"
tt0266987,Spy Game,2001,126,"Action,Crime,Thriller"
tt5971474,The Little Mermaid,2023,135,"Adventure,Family,Fantasy"
tt4172430,13 Hours: The Secret Soldiers of Benghazi,2016,144,"Action,Drama,History"
tt11315808,Joker: Folie à Deux,2024,138,"Drama,Musical,Thriller"
tt6628394,Bad Times at the El Royale,2018,141,"Crime,Drama,Mystery"
tt5433138,F9: The Fast Saga,2021,143,"Action,Crime,Thriller"
tt6155172,Roma,2018,135,Drama
tt0458481,Sin City: A Dame to Kill For,2014,102,"Action,Crime,Thriller"
tt0119345,I Know What You Did Last Summer,1997,101,"Horror,Mystery"
tt1563738,One Day,2011,107,"Drama,Romance"
tt8760708,M3GAN,2022,102,"Horror,Sci-Fi,Thriller"
tt1189073,The Skin I Live In,2011,120,"Drama,Mystery,Thriller"
tt2848292,Pitch Perfect 2,2015,115,"Comedy,Music"
tt3640424,Allied,2016,124,"Action,Drama,Romance"
tt1279935,Date Night,2010,88,"Comedy,Crime,Romance"
tt1335975,47 Ronin,2013,128,"Action,Drama,Fantasy"
tt0859163,The Mummy: Tomb of the Dragon Emperor,2008,112,"Action,Adventure,Fantasy"
tt0093748,"Planes, Trains & Automobiles",1987,93,"Comedy,Drama"
tt3300542,London Has Fallen,2016,99,"Action,Thriller"
tt0330793,The Punisher,2004,124,"Action,Crime,Drama"
tt0066999,Dirty Harry,1971,102,"Action,Crime,Thriller"
tt0442933,Beowulf,2007,115,"Action,Adventure,Animation"
tt1242460,We Need to Talk About Kevin,2011,112,"Drama,Mystery,Thriller"
tt0247638,The Princess Diaries,2001,115,"Comedy,Family,Romance"
tt0109831,Four Weddings and a Funeral,1994,117,"Comedy,Drama,Romance"
tt0036775,Double Indemnity,1944,107,"Crime,Drama,Film-Noir"
tt0122151,Lethal Weapon 4,1998,127,"Action,Crime,Thriller"
tt0072431,Young Frankenstein,1974,106,Comedy
tt0085334,A Christmas Story,1983,93,"Comedy,Family"
tt3359350,Road House,2024,121,"Action,Drama,Thriller"
tt0134084,Scream 3,2000,116,"Horror,Mystery"
tt0086465,Trading Places,1983,116,Comedy
tt0102138,JFK,1991,189,"Drama,History,Thriller"
tt4776998,The Promise,2016,133,"Action,Adventure,Drama"
tt0938283,The Last Airbender,2010,103,"Action,Adventure,Family"
tt7740496,Nightmare Alley,2021,150,"Crime,Drama,Thriller"
tt0106489,A Bronx Tale,1993,121,"Crime,Drama"
tt0105793,Wayne's World,1992,94,"Comedy,Music"
tt0832266,"Definitely, Maybe",2008,112,"Comedy,Drama,Romance"
tt0022100,M,1931,99,"Crime,Mystery,Thriller"
tt10028196,Laal Singh Chaddha,2022,159,"Comedy,Drama,Romance"
tt5363618,Sound of Metal,2019,120,"Drama,Music"
tt10954652,Old,2021,108,"Drama,Mystery,Thriller"
tt0472399,The Mechanic,2011,93,"Action,Crime,Thriller"
tt6412452,The Ballad of Buster Scruggs,2018,133,"Comedy,Drama,Musical"
tt0414982,Final Destination 3,2006,93,"Horror,Thriller"
tt0073629,The Rocky Horror Picture Show,1975,100,"Comedy,Horror,Musical"
tt10888594,Radhe,2021,109,"Action,Thriller"
tt0876563,Ponyo,2008,101,"Adventure,Animation,Comedy"
tt11245972,Scream,2022,114,"Horror,Mystery,Thriller"
tt0349683,King Arthur,2004,126,"Action,Adventure,Drama"
tt13287846,Napoleon,2023,158,"Action,Adventure,Biography"
tt0116583,The Hunchback of Notre Dame,1996,91,"Animation,Drama,Family"
tt1253864,Immortals,2011,110,"Action,Drama,Fantasy"
tt8079248,Yesterday,2019,116,"Comedy,Fantasy,Music"
tt0465538,Michael Clayton,2007,119,"Crime,Drama,Mystery"
tt0346491,Alexander,2004,175,"Action,Biography,Drama"
tt5308322,Happy Death Day,2017,96,"Comedy,Horror,Mystery"
tt3371366,Transformers: The Last Knight,2017,154,"Action,Adventure,Comedy"
tt4178092,The Gift,2015,108,"Drama,Mystery,Thriller"
tt2209418,Before Midnight,2013,109,"Drama,Romance"
tt0780521,The Princess and the Frog,2009,97,"Adventure,Animation,Comedy"
tt0408790,Flightplan,2005,98,"Drama,Mystery,Thriller"
tt0274166,Johnny English,2003,87,"Action,Adventure,Comedy"
tt7146812,Onward,2020,102,"Adventure,Animation,Comedy"
tt0074958,Network,1976,121,Drama
tt0159097,The Virgin Suicides,1999,97,"Drama,Romance"
tt0372588,Team America: World Police,2004,98,"Action,Comedy"
tt0097814,Kiki's Delivery Service,1989,103,"Animation,Family,Fantasy"
tt0986263,Surrogates,2009,89,"Action,Sci-Fi,Thriller"
tt1129442,Transporter 3,2008,104,"Action,Thriller"
tt0445934,Blades of Glory,2007,93,"Comedy,Sport"
tt0118694,In the Mood for Love,2000,98,"Drama,Romance"
tt1502407,Halloween,2018,106,"Crime,Drama,Horror"
tt0042332,Cinderella,1950,74,"Animation,Family,Fantasy"
tt1013753,Milk,2008,128,"Biography,Drama,History"
tt1411250,Riddick,2013,119,"Action,Adventure,Sci-Fi"
tt0465494,Hitman,2007,94,"Action,Crime,Thriller"
tt5109280,Raya and the Last Dragon,2021,107,"Action,Adventure,Animation"
tt2369135,Need for Speed,2014,132,"Action,Crime,Drama"
tt1528100,Exodus: Gods and Kings,2014,150,"Action,Adventure,Drama"
tt0988595,27 Dresses,2008,111,"Comedy,Romance"
tt0088944,Commando,1985,90,"Action,Adventure,Thriller"
tt0970416,The Day the Earth Stood Still,2008,104,"Adventure,Drama,Sci-Fi"
tt2080374,Steve Jobs,2015,122,"Biography,Drama"
tt1220634,Resident Evil: Afterlife,2010,96,"Action,Horror,Sci-Fi"
tt1262416,Scream 4,2011,111,"Horror,Mystery"
tt1007028,Zack and Miri Make a Porno,2008,101,"Comedy,Romance"
tt4500922,Maze Runner: The Death Cure,2018,143,"Action,Adventure,Sci-Fi"
tt0120188,Three Kings,1999,114,"Action,Adventure,Comedy"
tt1618434,Murder Mystery,2019,97,"Crime,Mystery,Romance"
tt0892782,Monsters vs. Aliens,2009,94,"Action,Adventure,Animation"
tt0177971,The Perfect Storm,2000,130,"Action,Adventure,Drama"
tt0093894,The Running Man,1987,101,"Action,Sci-Fi,Thriller"
tt0215129,Road Trip,2000,93,Comedy
tt0104714,Lethal Weapon 3,1992,118,"Action,Crime,Thriller"
tt5052474,Sicario: Day of the Soldado,2018,122,"Action,Crime,Drama"
tt21382296,Carry-On,2024,119,"Action,Crime,Thriller"
tt2191701,Grown Ups 2,2013,101,Comedy
tt2404463,The Heat,2013,117,"Action,Comedy,Crime"
tt1821694,RED 2,2013,116,"Action,Comedy,Crime"
tt6166392,Wonka,2023,116,"Adventure,Comedy,Family"
tt0115798,The Cable Guy,1996,96,"Comedy,Drama,Thriller"
tt0120744,The Man in the Iron Mask,1998,132,"Action,Adventure,Drama"
tt0398808,Bridge to Terabithia,2007,96,"Drama,Family,Fantasy"
tt0381707,White Chicks,2004,109,"Comedy,Crime"
tt7040874,A Simple Favor,2018,117,"Comedy,Crime,Mystery"
tt0108358,Tombstone,1993,130,"Biography,Drama,History"
tt0393162,Coach Carter,2005,136,"Biography,Drama,Sport"
tt3794354,Sonic the Hedgehog,2020,99,"Action,Adventure,Comedy"
tt4116284,The Lego Batman Movie,2017,104,"Action,Adventure,Animation"
tt12584954,Twisters,2024,122,"Action,Adventure,Thriller"
tt0257106,Scary Movie 2,2001,83,"Comedy,Horror"
tt0177789,Galaxy Quest,1999,102,"Adventure,Comedy,Sci-Fi"
tt1217613,Battle Los Angeles,2011,116,"Action,Adventure,Sci-Fi"
tt4123432,Fantastic Beasts: The Secrets of Dumbledore,2022,142,"Adventure,Fantasy"
tt1226229,Get Him to the Greek,2010,109,"Comedy,Music"
tt0454945,She's the Man,2006,105,"Comedy,Romance,Sport"
tt0380510,The Lovely Bones,2009,135,"Drama,Fantasy,Thriller"
tt0103074,Thelma & Louise,1991,130,"Adventure,Crime,Drama"
tt0120484,The Waterboy,1998,90,"Comedy,Sport"
tt7668870,Searching,2018,102,"Drama,Mystery,Thriller"
tt0307901,25th Hour,2002,135,Drama
tt0140352,The Insider,1999,157,"Biography,Drama,History"
tt0109707,Ed Wood,1994,127,"Biography,Comedy,Drama"
tt0040522,Bicycle Thieves,1948,89,Drama
tt3393786,Jack Reacher: Never Go Back,2016,118,"Action,Thriller"
tt16419074,Air,2023,111,"Drama,Sport"
tt0311429,The League of Extraordinary Gentlemen,2003,110,"Action,Adventure,Fantasy"
tt1502712,Fantastic Four,2015,100,"Action,Adventure,Sci-Fi"
tt0055928,Dr. No,1962,110,"Action,Adventure,Thriller"
tt0478304,The Tree of Life,2011,139,"Drama,Fantasy"
tt0087182,Dune,1984,137,"Action,Adventure,Sci-Fi"
tt0138704,Pi,1998,84,"Drama,Horror,Mystery"
tt2170439,Horrible Bosses 2,2014,108,"Comedy,Crime"
tt5814060,The Nun,2018,96,"Horror,Mystery,Thriller"
tt1001508,He's Just Not That Into You,2009,129,"Comedy,Drama,Romance"
tt0117008,Matilda,1996,98,"Comedy,Family,Fantasy"
tt1583421,G.I. Joe: Retaliation,2013,110,"Action,Adventure,Sci-Fi"
tt0295701,xXx,2002,124,"Action,Adventure,Drama"
tt11858890,The Creator,2023,133,"Action,Adventure,Drama"
tt0299977,Hero,2002,107,"Action,Adventure,Drama"
tt0084516,Poltergeist,1982,114,"Horror,Thriller"
tt3322940,Annabelle,2014,99,"Horror,Mystery,Thriller"
tt6856242,The King's Man,2021,131,"Action,Adventure,Thriller"
tt0041959,The Third Man,1949,104,"Drama,Film-Noir,Mystery"
tt2543472,Wonder,2017,113,"Drama,Family"
tt0089880,Rambo: First Blood Part II,1985,96,"Action,Adventure,Thriller"
tt0389790,Bee Movie,2007,91,"Adventure,Animation,Comedy"
tt0454841,The Hills Have Eyes,2006,107,"Horror,Thriller"
tt0092991,Evil Dead II,1987,84,"Comedy,Horror"
tt1033643,What Happens in Vegas,2008,99,"Comedy,Romance"
tt0055254,One Hundred and One Dalmatians,1961,79,"Adventure,Animation,Comedy"
tt0042876,Rashomon,1950,88,"Crime,Drama,Mystery"
tt5884052,Pokémon: Detective Pikachu,2019,104,"Adventure,Comedy,Family"
tt1502397,Bad Boys for Life,2020,124,"Action,Comedy,Crime"
tt0087544,Nausicaä of the Valley of the Wind,1984,117,"Adventure,Animation,Sci-Fi"
tt0272338,Punch-Drunk Love,2002,95,"Comedy,Drama,Romance"
tt0092067,Castle in the Sky,1986,124,"Adventure,Animation,Family"
tt1231587,Hot Tub Time Machine,2010,99,"Comedy,Sci-Fi"
tt0200465,The Bank Job,2008,111,"Crime,Thriller"
tt0462322,Grindhouse,2007,191,"Horror,Thriller"
tt0918940,The Legend of Tarzan,2016,110,"Action,Adventure,Drama"
tt1860357,Deepwater Horizon,2016,107,"Action,Drama,History"
tt0061512,Cool Hand Luke,1967,127,"Crime,Drama"
tt1809398,Unbroken,2014,137,"Biography,Drama,Sport"
tt0293564,Rush Hour 3,2007,91,"Action,Comedy,Crime"
tt0058331,Mary Poppins,1964,139,"Comedy,Family,Fantasy"
tt0110322,Legends of the Fall,1994,133,"Drama,Romance,War"
tt9639470,Last Night in Soho,2021,116,"Drama,Horror,Mystery"
tt23289160,Godzilla Minus One,2023,124,"Action,Adventure,Drama"
tt4016934,The Handmaiden,2016,145,"Drama,Romance,Thriller"
tt0146882,High Fidelity,2000,113,"Comedy,Drama,Music"
tt1628841,Independence Day: Resurgence,2016,120,"Action,Adventure,Sci-Fi"
tt1935179,Mud,2012,130,"Adventure,Drama"
tt0145681,The Bone Collector,1999,118,"Crime,Drama,Mystery"
tt1964418,Tomorrowland,2015,130,"Action,Adventure,Family"
tt1560747,The Master,2012,138,Drama
tt2023587,Mama,2013,100,"Fantasy,Horror,Thriller"
tt0276751,About a Boy,2002,101,"Comedy,Drama,Romance"
tt1596365,The Woman in Black,2012,95,"Drama,Fantasy,Horror"
tt0100403,Predator 2,1990,108,"Action,Horror,Sci-Fi"
tt2231461,Rampage,2018,107,"Action,Adventure,Sci-Fi"
tt0101272,The Addams Family,1991,99,"Comedy,Fantasy"
tt0993840,Army of the Dead,2021,148,"Action,Adventure,Crime"
tt0017136,Metropolis,1927,153,"Drama,Sci-Fi"
tt0389722,30 Days of Night,2007,113,"Horror,Thriller"
tt0097733,Lethal Weapon 2,1989,114,"Action,Crime,Thriller"
tt0359013,Blade: Trinity,2004,113,"Action,Horror,Sci-Fi"
tt1596350,This Means War,2012,103,"Action,Comedy,Romance"
tt8178634,RRR,2022,187,"Action,Adventure,Drama"
tt0978762,Mary and Max,2009,92,"Animation,Comedy,Drama"
tt3062096,Inferno,2016,121,"Action,Adventure,Crime"
tt0327084,Over the Hedge,2006,83,"Adventure,Animation,Comedy"
tt1229340,Anchorman 2: The Legend Continues,2013,119,Comedy
tt0117913,A Time to Kill,1996,149,"Crime,Drama,Thriller"
tt1059786,Eagle Eye,2008,118,"Action,Mystery,Thriller"
tt1617661,Jupiter Ascending,2015,127,"Action,Adventure,Sci-Fi"
tt2226417,Insidious: Chapter 2,2013,106,"Horror,Mystery,Thriller"
tt4276820,The Founder,2016,115,"Biography,Drama"
tt0072684,Barry Lyndon,1975,185,"Adventure,Drama,War"
tt0107207,In the Name of the Father,1993,133,"Biography,Crime,Drama"
tt4209788,Molly's Game,2017,140,"Biography,Crime,Drama"
tt1355683,Black Mass,2015,123,"Biography,Crime,Drama"
tt0272152,K-PAX,2001,120,"Drama,Mystery,Sci-Fi"
tt10366460,CODA,2021,111,"Comedy,Drama,Music"
tt0293429,Mortal Kombat,2021,110,"Action,Adventure,Fantasy"
tt5848272,Ralph Breaks the Internet,2018,112,"Adventure,Animation,Comedy"
tt10640346,Babylon,2022,189,"Comedy,Drama"
tt1646987,Wrath of the Titans,2012,99,"Action,Adventure,Fantasy"
tt4873118,The Covenant,2023,123,"Action,Drama,Thriller"
tt0443680,The Assassination of Jesse James by the Coward Robert Ford,2007,160,"Biography,Crime,Drama"
tt0450278,Hostel,2005,94,Horror
tt0244244,Swordfish,2001,99,"Action,Crime,Thriller"
tt4244994,The Last Duel,2021,152,"Drama,History,Thriller"
tt17009710,Anatomy of a Fall,2023,151,"Crime,Drama,Mystery"
tt9603208,Mission: Impossible - The Final Reckoning,2025,169,"Action,Adventure,Thriller"
tt0054698,Breakfast at Tiffany's,1961,115,"Comedy,Drama,Romance"
tt0046912,Dial M for Murder,1954,105,"Crime,Drama,Mystery"
tt0385752,The Golden Compass,2007,113,"Adventure,Family,Fantasy"
tt0120647,Deep Impact,1998,120,"Action,Drama,Sci-Fi"
tt1661199,Cinderella,2015,105,"Adventure,Drama,Family"
tt1070874,The Trial of the Chicago 7,2020,129,"Drama,History,Thriller"
tt1488555,The Change-Up,2011,112,"Comedy,Fantasy"
tt0104691,The Last of the Mohicans,1992,112,"Action,Adventure,Drama"
tt2053463,Side Effects,2013,106,"Crime,Drama,Mystery"
tt0108160,Sleepless in Seattle,1993,105,"Comedy,Drama,Romance"
tt0455590,The Last King of Scotland,2006,123,"Biography,Drama,History"
tt7405458,A Man Called Otto,2022,126,"Comedy,Drama"
tt2333784,The Expendables 3,2014,126,"Action,Adventure,Comedy"
tt4701182,Bumblebee,2018,114,"Action,Adventure,Sci-Fi"
tt0266308,Battle Royale,2000,114,"Action,Drama,Thriller"
tt0810819,The Danish Girl,2015,119,"Biography,Drama"
tt0160127,Charlie's Angels,2000,98,"Action,Adventure,Comedy"
tt0078346,Superman,1978,143,"Action,Adventure,Sci-Fi"
tt0122690,Ronin,1998,122,"Action,Crime,Thriller"
tt1935859,Miss Peregrine's Home for Peculiar Children,2016,127,"Adventure,Drama,Family"
tt0375912,Layer Cake,2004,105,"Crime,Drama,Thriller"
tt3104988,Crazy Rich Asians,2018,120,"Comedy,Drama,Romance"
tt1527186,Melancholia,2011,135,"Drama,Sci-Fi"
tt0106308,Army of Darkness,1992,81,"Comedy,Horror"
tt0112851,Desperado,1995,104,"Action,Crime,Drama"
tt0096754,The Abyss,1989,140,"Adventure,Drama,Mystery"
tt0106697,Demolition Man,1993,115,"Action,Sci-Fi,Thriller"
tt0128445,Rushmore,1998,93,"Comedy,Drama,Romance"
tt1465522,Tucker and Dale vs Evil,2010,89,"Comedy,Horror"
tt7657566,Death on the Nile,2022,127,"Crime,Drama,Mystery"
tt1446192,Rise of the Guardians,2012,97,"Action,Adventure,Animation"
tt2066051,Rocketman,2019,121,"Biography,Drama,Music"
tt10638522,Talk to Me,2022,95,"Horror,Thriller"
tt0352248,Cinderella Man,2005,144,"Biography,Drama,Romance"
tt5104604,Isle of Dogs,2018,101,"Adventure,Animation,Comedy"
tt2239822,Valerian and the City of a Thousand Planets,2017,136,"Action,Adventure,Fantasy"
tt7556122,The Old Guard,2020,125,"Action,Thriller"
tt0448694,Puss in Boots,2011,90,"Action,Adventure,Animation"
tt0120746,The Mask of Zorro,1998,136,"Action,Adventure,Comedy"
tt0142688,The Ninth Gate,1999,133,"Mystery,Thriller"
tt2557490,A Million Ways to Die in the West,2014,116,"Comedy,Western"
tt0072271,The Texas Chain Saw Massacre,1974,83,Horror
tt5519340,Bright,2017,117,"Action,Fantasy,Thriller"
tt0398165,The Longest Yard,2005,113,"Comedy,Crime,Sport"
tt0063442,Planet of the Apes,1968,112,"Adventure,Sci-Fi"
tt29623480,The Wild Robot,2024,102,"Adventure,Animation,Family"
tt0985694,Machete,2010,105,"Action,Crime,Thriller"
tt8106534,6 Underground,2019,128,"Action,Thriller"
tt3470600,Sing,2016,108,"Animation,Comedy,Family"
tt0241303,Chocolat,2000,121,"Drama,Romance"
tt9484998,Palm Springs,2020,90,"Comedy,Fantasy,Mystery"
tt3631112,The Girl on the Train,2016,112,"Crime,Drama,Mystery"
tt4857264,The Invisible Guest,2016,106,"Crime,Drama,Mystery"
tt6450804,Terminator: Dark Fate,2019,128,"Action,Adventure,Sci-Fi"
tt15671028,No Hard Feelings,2023,103,"Comedy,Romance"
tt28015403,Heretic,2024,111,"Horror,Thriller"
tt0307453,Shark Tale,2004,90,"Adventure,Animation,Comedy"
tt1288558,Evil Dead,2013,91,"Horror,Thriller"
tt1312221,Frankenstein,2025,149,"Drama,Fantasy,Horror"
tt0120863,The Thin Red Line,1998,170,"Drama,History,War"
tt0387808,Idiocracy,2006,84,"Adventure,Comedy,Sci-Fi"
tt0061852,The Jungle Book,1967,78,"Adventure,Animation,Comedy"
tt5715874,The Killing of a Sacred Deer,2017,121,"Drama,Horror,Mystery"
tt0082694,The Road Warrior,1981,96,"Action,Adventure,Sci-Fi"
tt7322224,Triangle of Sadness,2022,147,"Comedy,Drama"
tt0366548,Happy Feet,2006,108,"Adventure,Animation,Comedy"
tt0415306,Talladega Nights: The Ballad of Ricky Bobby,2006,108,"Comedy,Sport"
tt0119081,Event Horizon,1997,96,"Horror,Sci-Fi,Thriller"
tt0120685,Godzilla,1998,139,"Action,Sci-Fi,Thriller"
tt3416742,What We Do in the Shadows,2014,86,"Comedy,Horror"
tt0116209,The English Patient,1996,162,"Drama,Romance,War"
tt1606389,The Vow,2012,104,"Drama,Romance"
tt0268126,Adaptation.,2002,115,"Comedy,Drama"
tt2267968,Kung Fu Panda 3,2016,95,"Action,Adventure,Animation"
tt0814255,Percy Jackson & the Olympians: The Lightning Thief,2010,118,"Adventure,Family,Fantasy"
tt2446042,Taken 3,2014,108,"Action,Crime,Thriller"
tt0120347,Tomorrow Never Dies,1997,119,"Action,Adventure,Thriller"
tt0432021,Resident Evil: Extinction,2007,94,"Action,Horror,Sci-Fi"
tt1038988,REC,2007,78,"Horror,Mystery,Thriller"
tt1277953,Madagascar 3: Europe's Most Wanted,2012,93,"Adventure,Animation,Comedy"
tt0050976,The Seventh Seal,1957,96,"Drama,Fantasy"
tt0993842,Hanna,2011,111,"Action,Adventure,Drama"
tt1213641,First Man,2018,141,"Biography,Drama,History"
tt0058150,Goldfinger,1964,110,"Action,Adventure,Thriller"
tt0106677,Dazed and Confused,1993,103,Comedy
tt9770150,Nomadland,2020,107,Drama
tt0309593,Final Destination 2,2003,90,"Horror,Thriller"
tt1458175,The Next Three Days,2010,133,"Action,Crime,Drama"
tt23468450,Longlegs,2024,101,"Crime,Horror,Mystery"
tt0021749,City Lights,1931,87,"Comedy,Drama,Romance"
tt0366551,Harold & Kumar Go to White Castle,2004,88,"Adventure,Comedy"
tt4520988,Frozen II,2019,103,"Adventure,Animation,Comedy"
tt0114148,Pocahontas,1995,81,"Adventure,Animation,Drama"
tt0375063,Sideways,2004,127,"Comedy,Drama,Romance"
tt1723811,Shame,2011,101,Drama
tt1815862,After Earth,2013,100,"Action,Adventure,Drama"
tt2873282,Red Sparrow,2018,140,"Action,Drama,Thriller"
tt0053604,The Apartment,1960,125,"Comedy,Drama,Romance"
tt0371724,The Hitchhiker's Guide to the Galaxy,2005,109,"Adventure,Comedy,Sci-Fi"
tt0756683,The Man from Earth,2007,87,"Drama,Fantasy,Mystery"
tt1111422,The Taking of Pelham 123,2009,106,"Action,Crime,Thriller"
tt1469304,Baywatch,2017,116,"Action,Comedy,Crime"
tt0183790,A Knight's Tale,2001,132,"Action,Adventure,Drama"
tt0130827,Run Lola Run,1998,80,"Action,Crime,Thriller"
tt0308644,Finding Neverland,2004,106,"Biography,Drama,Family"
tt0401855,Underworld: Evolution,2006,106,"Action,Fantasy,Thriller"
tt0111282,Stargate,1994,121,"Action,Adventure,Sci-Fi"
tt1872194,The Judge,2014,141,"Crime,Drama,Mystery"
tt0477080,Unstoppable,2010,98,"Action,Thriller"
tt2094766,Assassin's Creed,2016,115,"Action,Adventure,Sci-Fi"
tt0095705,The Naked Gun: From the Files of Police Squad!,1988,85,"Comedy,Crime"
tt0056869,The Birds,1963,119,"Drama,Horror,Mystery"
tt0139134,Cruel Intentions,1999,97,"Drama,Romance"
tt3915174,Puss in Boots: The Last Wish,2022,102,"Action,Adventure,Animation"
tt2406566,Atomic Blonde,2017,115,"Action,Thriller"
tt0143145,The World Is Not Enough,1999,128,"Action,Adventure,Thriller"
tt1262426,Wicked,2024,160,"Fantasy,Musical,Romance"
tt12801262,Luca,2021,95,"Adventure,Animation,Comedy"
tt2334873,Blue Jasmine,2013,98,"Comedy,Drama,Romance"
tt1136617,The Killer,2023,118,"Action,Adventure,Crime"
tt0318627,Resident Evil: Apocalypse,2004,94,"Action,Horror,Sci-Fi"
tt2338151,PK,2014,153,"Comedy,Drama,Musical"
tt2345759,The Mummy,2017,110,"Action,Adventure,Fantasy"
tt0362270,The Life Aquatic with Steve Zissou,2004,119,"Action,Adventure,Comedy"
tt10293406,The Power of the Dog,2021,126,"Drama,Western"
tt13560574,X,2022,105,"Horror,Mystery,Thriller"
tt0363988,Secret Window,2004,96,"Drama,Mystery,Thriller"
tt0102798,Robin Hood: Prince of Thieves,1991,143,"Action,Adventure,Drama"
tt0481369,The Number 23,2007,98,"Crime,Mystery,Thriller"
tt1623205,Oz the Great and Powerful,2013,130,"Adventure,Family,Fantasy"
tt1046173,G.I. Joe: The Rise of Cobra,2009,118,"Action,Adventure,Sci-Fi"
tt3569230,Legend,2015,132,"Biography,Crime,Drama"
tt0088846,Brazil,1985,132,"Drama,Sci-Fi,Thriller"
tt0113247,La haine,1995,98,"Crime,Drama"
tt1284575,Bad Teacher,2011,92,"Comedy,Romance"
tt0102685,Point Break,1991,122,"Action,Crime,Thriller"
tt0829150,Dracula Untold,2014,92,"Action,Drama,Fantasy"
tt0091064,The Fly,1986,96,"Drama,Horror,Sci-Fi"
tt12299608,Mickey 17,2025,137,"Adventure,Comedy,Fantasy"
tt10288566,Another Round,2020,117,"Comedy,Drama"
tt1560220,Zombieland: Double Tap,2019,99,"Action,Comedy,Horror"
tt0118571,Air Force One,1997,124,"Action,Crime,Drama"
tt1606378,A Good Day to Die Hard,2013,98,"Action,Thriller"
tt0418763,Jarhead,2005,125,"Biography,Drama,War"
tt0114898,Waterworld,1995,135,"Action,Adventure,Sci-Fi"
tt0094625,Akira,1988,124,"Action,Animation,Drama"
tt1120985,Blue Valentine,2010,112,"Drama,Romance"
tt0106856,Falling Down,1993,113,"Crime,Drama,Thriller"
tt1013743,Knight and Day,2010,109,"Action,Adventure,Comedy"
tt0120630,Chicken Run,2000,84,"Adventure,Animation,Comedy"
tt0158983,"South Park: Bigger, Longer & Uncut",1999,81,"Animation,Comedy,Fantasy"
tt0094012,Spaceballs,1987,96,"Adventure,Comedy,Sci-Fi"
tt1155076,The Karate Kid,2010,140,"Action,Drama,Family"
tt0118929,Dark City,1998,100,"Fantasy,Mystery,Sci-Fi"
tt1340800,Tinker Tailor Soldier Spy,2011,127,"Drama,Mystery,Thriller"
tt0431308,P.S. I Love You,2007,126,"Comedy,Drama,Romance"
tt1155056,"I Love You, Man",2009,105,"Comedy,Romance"
tt0388482,Transporter 2,2005,87,"Action,Thriller"
tt1700841,Sausage Party,2016,89,"Adventure,Animation,Comedy"
tt6565702,X-Men: Dark Phoenix,2019,113,"Action,Adventure,Sci-Fi"
tt3766354,The Equalizer 2,2018,121,"Action,Crime,Mystery"
tt0870154,Jungle Cruise,2021,127,"Action,Adventure,Comedy"
tt4779682,The Meg,2018,113,"Action,Horror,Sci-Fi"
tt0074285,Carrie,1976,98,Horror
tt1428538,Hansel & Gretel: Witch Hunters,2013,88,"Action,Fantasy,Horror"
tt0084602,Rocky III,1982,99,"Drama,Sport"
tt2234155,The Internship,2013,119,Comedy
tt0960144,You Don't Mess with the Zohan,2008,113,"Action,Comedy"
tt3741700,Godzilla: King of the Monsters,2019,132,"Action,Adventure,Fantasy"
tt1655441,The Age of Adaline,2015,112,"Drama,Fantasy,Romance"
tt0949731,The Happening,2008,91,"Adventure,Drama,Sci-Fi"
tt0489270,Saw III,2006,108,"Horror,Mystery,Thriller"
tt1078912,Night at the Museum: Battle of the Smithsonian,2009,105,"Adventure,Comedy,Family"
tt0452608,Death Race,2008,105,"Action,Sci-Fi,Thriller"
tt0080455,The Blues Brothers,1980,133,"Adventure,Comedy,Crime"
tt0328828,American Wedding,2003,96,Comedy
tt0117705,Space Jam,1996,88,"Adventure,Animation,Comedy"
tt0461770,Enchanted,2007,107,"Adventure,Animation,Comedy"
tt7798634,Ready or Not,2019,95,"Action,Comedy,Horror"
tt10676052,The Fantastic Four: First Steps,2025,115,"Action,Adventure,Sci-Fi"
tt1321870,Gangster Squad,2013,113,"Action,Crime,Drama"
tt0333766,Garden State,2004,102,"Comedy,Drama,Romance"
tt1899353,The Raid: Redemption,2011,101,"Action,Crime,Thriller"
tt0099810,The Hunt for Red October,1990,135,"Action,Adventure,Thriller"
tt0109506,The Crow,1994,102,"Action,Crime,Drama"
tt1291150,Teenage Mutant Ninja Turtles,2014,101,"Action,Adventure,Animation"
tt1462764,Indiana Jones and the Dial of Destiny,2023,154,"Action,Adventure,Sci-Fi"
tt0986264,Like Stars on Earth,2007,162,"Drama,Family"
tt1127180,Drag Me to Hell,2009,99,Horror
tt0146316,Lara Croft: Tomb Raider,2001,100,"Action,Adventure,Fantasy"
tt0181865,Traffic,2000,147,"Crime,Drama,Thriller"
tt0838221,The Darjeeling Limited,2007,91,"Adventure,Comedy,Drama"
tt1132620,The Girl with the Dragon Tattoo,2009,152,"Crime,Drama,Mystery"
tt0086960,Beverly Hills Cop,1984,105,"Action,Comedy,Crime"
tt0339291,A Series of Unfortunate Events,2004,108,"Adventure,Comedy,Family"
tt3532216,American Made,2017,115,"Action,Comedy,Crime"
tt0281358,A Walk to Remember,2002,101,"Drama,Romance"
tt0974661,17 Again,2009,102,"Comedy,Drama,Fantasy"
tt4729430,Klaus,2019,96,"Adventure,Animation,Comedy"
tt6499752,Upgrade,2018,100,"Action,Sci-Fi,Thriller"
tt0370263,Alien vs. Predator,2004,101,"Action,Adventure,Horror"
tt0075860,Close Encounters of the Third Kind,1977,138,"Drama,Sci-Fi"
tt0120082,Scream 2,1997,120,"Horror,Mystery"
tt0096438,Who Framed Roger Rabbit,1988,104,"Adventure,Animation,Comedy"
tt0172493,"Girl, Interrupted",1999,127,"Biography,Drama"
tt1077258,Planet Terror,2007,105,"Action,Comedy,Horror"
tt1398426,Straight Outta Compton,2015,147,"Biography,Drama,History"
tt1605630,American Reunion,2012,113,Comedy
tt15097216,Jai Bhim,2021,164,"Crime,Drama"
tt15474916,Smile,2022,115,"Horror,Mystery,Thriller"
tt2709768,The Secret Life of Pets,2016,86,"Adventure,Animation,Comedy"
tt0488120,Fracture,2007,113,"Crime,Drama,Thriller"
tt0295178,Austin Powers in Goldmember,2002,94,"Action,Adventure,Comedy"
tt11083552,Wrath of Man,2021,119,"Action,Crime,Thriller"
tt0959337,Revolutionary Road,2008,119,"Drama,Romance"
tt1489889,Central Intelligence,2016,107,"Action,Comedy,Crime"
tt0427944,Thank You for Smoking,2005,92,"Comedy,Drama"
tt2316411,Enemy,2013,91,"Drama,Mystery,Thriller"
tt3011894,Wild Tales,2014,122,"Comedy,Drama,Thriller"
tt1272878,2 Guns,2013,109,"Action,Comedy,Crime"
tt0050825,Paths of Glory,1957,88,"Drama,War"
tt0029583,Snow White and the Seven Dwarfs,1937,83,"Adventure,Animation,Family"
tt0425061,Get Smart,2008,110,"Action,Adventure,Comedy"
tt0207201,What Women Want,2000,127,"Comedy,Fantasy,Romance"
tt0499448,The Chronicles of Narnia: Prince Caspian,2008,150,"Action,Adventure,Family"
tt0416320,Match Point,2005,124,"Drama,Romance,Thriller"
tt12747748,Leave the World Behind,2023,138,"Drama,Mystery,Thriller"
tt0097428,Ghostbusters II,1989,108,"Action,Comedy,Fantasy"
tt5074352,Dangal,2016,161,"Action,Biography,Drama"
tt0064115,Butch Cassidy and the Sundance Kid,1969,110,"Adventure,Biography,Crime"
tt0094898,Coming to America,1988,117,"Comedy,Romance"
tt1124035,The Ides of March,2011,101,"Drama,Thriller"
tt1219827,Ghost in the Shell,2017,107,"Action,Crime,Drama"
tt14849194,The Holdovers,2023,133,"Comedy,Drama"
tt1139797,Let the Right One In,2008,114,"Drama,Fantasy,Horror"
tt4513678,Ghostbusters: Afterlife,2021,124,"Adventure,Comedy,Fantasy"
tt0246460,Die Another Day,2002,133,"Action,Adventure,Thriller"
tt0120655,Dogma,1999,130,"Adventure,Comedy,Drama"
tt10272386,The Father,2020,97,"Drama,Mystery"
tt1365519,Tomb Raider,2018,119,"Action,Adventure,Fantasy"
tt1305806,The Secret in Their Eyes,2009,129,"Drama,Mystery,Romance"
tt0109445,Clerks,1994,92,Comedy
tt0287978,Daredevil,2003,103,"Action,Crime,Drama"
tt0101540,Cape Fear,1991,128,"Crime,Drama,Thriller"
tt4555426,Darkest Hour,2017,125,"Biography,Drama,History"
tt0305224,Anger Management,2003,106,Comedy
tt0103772,Basic Instinct,1992,127,"Drama,Mystery,Romance"
tt1980209,Pain & Gain,2013,129,"Action,Biography,Comedy"
tt1142988,The Ugly Truth,2009,96,"Comedy,Romance"
tt22022452,Inside Out 2,2024,96,"Adventure,Animation,Comedy"
tt0090756,Blue Velvet,1986,120,"Crime,Drama,Mystery"
tt8041270,Jurassic World: Dominion,2022,147,"Action,Adventure,Sci-Fi"
tt30144839,One Battle After Another,2025,161,"Action,Crime,Drama"
tt0275847,Lilo & Stitch,2002,85,"Adventure,Animation,Comedy"
tt0409847,Cowboys & Aliens,2011,119,"Action,Drama,Sci-Fi"
tt1667889,Ice Age: Continental Drift,2012,88,"Adventure,Animation,Comedy"
tt0356150,EuroTrip,2004,92,Comedy
tt0133152,Planet of the Apes,2001,120,"Action,Adventure,Sci-Fi"
tt7846844,Enola Holmes,2020,123,"Adventure,Crime,Drama"
tt0479143,Rocky Balboa,2006,102,"Drama,Sport"
tt5606664,Doctor Sleep,2019,152,"Drama,Fantasy,Horror"
tt0138097,Shakespeare in Love,1998,123,"Comedy,Drama,History"
tt0195685,Erin Brockovich,2000,131,"Biography,Drama"
tt1220719,Ip Man,2008,106,"Action,Biography,Drama"
tt0089927,Rocky IV,1985,91,"Drama,Sport"
tt0892791,Shrek Forever After,2010,93,"Adventure,Animation,Comedy"
tt0337563,13 Going on 30,2004,98,"Comedy,Fantasy,Romance"
tt0067992,Willy Wonka & the Chocolate Factory,1971,100,"Adventure,Comedy,Family"
tt2404435,The Magnificent Seven,2016,132,"Action,Adventure,Drama"
tt0079501,Mad Max,1979,88,"Action,Adventure,Sci-Fi"
tt0128853,You've Got Mail,1998,119,"Comedy,Drama,Romance"
tt1255953,Incendies,2010,131,"Drama,Mystery,War"
tt0439572,The Flash,2023,144,"Action,Adventure,Fantasy"
tt0420223,Stranger Than Fiction,2006,113,"Comedy,Drama,Fantasy"
tt0397892,Bolt,2008,96,"Adventure,Animation,Comedy"
tt0120917,The Emperor's New Groove,2000,78,"Adventure,Animation,Comedy"
tt2719848,Everest,2015,121,"Adventure,Biography,Drama"
tt20215234,Conclave,2024,120,"Drama,Thriller"
tt1972591,King Arthur: Legend of the Sword,2017,126,"Action,Adventure,Drama"
tt0097958,National Lampoon's Christmas Vacation,1989,97,Comedy
tt0106519,Carlito's Way,1993,144,"Crime,Drama,Thriller"
tt0212346,Miss Congeniality,2000,109,"Action,Comedy,Crime"
tt1684562,The Fall Guy,2024,126,"Action,Comedy,Drama"
tt2209764,Transcendence,2014,119,"Drama,Sci-Fi,Thriller"
tt0083987,Gandhi,1982,191,"Biography,Drama,History"
tt0758752,Love & Other Drugs,2010,112,"Comedy,Drama,Romance"
tt0210945,Remember the Titans,2000,113,"Biography,Comedy,Drama"
tt0079817,Rocky II,1979,119,"Drama,Sport"
tt0112281,Ace Ventura: When Nature Calls,1995,90,"Adventure,Comedy,Crime"
tt0050212,The Bridge on the River Kwai,1957,161,"Adventure,Drama,War"
tt2334879,White House Down,2013,131,"Action,Drama,Thriller"
tt2883512,Chef,2014,114,"Adventure,Comedy,Drama"
tt1599348,Safe House,2012,115,"Action,Thriller"
tt1234721,RoboCop,2014,117,"Action,Crime,Sci-Fi"
tt0373469,Kiss Kiss Bang Bang,2005,103,"Comedy,Crime,Mystery"
tt3553976,Captain Fantastic,2016,118,"Adventure,Comedy,Drama"
tt0481499,The Croods,2013,98,"Adventure,Animation,Comedy"
tt1216475,Cars 2,2011,106,"Adventure,Animation,Comedy"
tt0083907,The Evil Dead,1981,85,Horror
tt0758774,Body of Lies,2008,128,"Action,Drama,Thriller"
tt0376541,Closer,2004,104,"Drama,Romance"
tt0142342,Big Daddy,1999,93,"Comedy,Drama"
tt9777666,The Tomorrow War,2021,138,"Action,Adventure,Drama"
tt9620292,Promising Young Woman,2020,113,"Crime,Drama,Mystery"
tt0117998,Twister,1996,113,"Action,Adventure,Thriller"
tt0117665,Sleepers,1996,147,"Crime,Drama,Thriller"
tt0187738,Blade II,2002,117,"Action,Horror,Sci-Fi"
tt0430922,Role Models,2008,99,Comedy
tt0296572,The Chronicles of Riddick,2004,119,"Action,Adventure,Sci-Fi"
tt0058461,A Fistful of Dollars,1964,99,"Drama,Western"
tt0408306,Munich,2005,164,"Drama,History,Thriller"
tt15791034,Barbarian,2022,102,"Horror,Mystery,Thriller"
tt1210819,The Lone Ranger,2013,150,"Action,Adventure,Drama"
tt1464540,I Am Number Four,2011,111,"Action,Adventure,Sci-Fi"
tt0315733,21 Grams,2003,124,"Crime,Drama,Thriller"
tt0311113,Master and Commander: The Far Side of the World,2003,138,"Action,Adventure,Drama"
tt0374900,Napoleon Dynamite,2004,96,Comedy
tt0983193,The Adventures of Tintin,2011,107,"Action,Adventure,Animation"
tt5040012,Nosferatu,2024,132,"Fantasy,Horror,Mystery"
tt0099653,Ghost,1990,126,"Drama,Fantasy,Romance"
tt20969586,Thunderbolts*,2025,127,"Action,Adventure,Crime"
tt1636826,Project X,2012,88,"Comedy,Thriller"
tt1588173,Warm Bodies,2013,98,"Comedy,Horror,Romance"
tt1411238,No Strings Attached,2011,108,"Comedy,Romance"
tt2463208,The Adam Project,2022,106,"Action,Adventure,Comedy"
tt6806448,Fast & Furious Presents: Hobbs & Shaw,2019,137,"Action,Adventure,Thriller"
tt7144666,The Black Phone,2021,103,"Horror,Mystery,Thriller"
tt2229499,Don Jon,2013,90,"Comedy,Drama,Romance"
tt1655442,The Artist,2011,100,"Comedy,Drama,Romance"
tt0299658,Chicago,2002,113,"Comedy,Crime,Musical"
tt4196776,Jason Bourne,2016,123,"Action,Thriller"
tt0462499,Rambo,2008,92,"Action,Thriller"
tt5083738,The Favourite,2018,119,"Biography,Comedy,Drama"
tt0063522,Rosemary's Baby,1968,137,"Drama,Horror"
tt0129167,The Iron Giant,1999,86,"Action,Adventure,Animation"
tt0302886,Old School,2003,88,Comedy
tt28607951,Anora,2024,139,"Comedy,Drama,Romance"
tt2637276,Ted 2,2015,115,Comedy
tt0485947,Mr. Nobody,2009,141,"Drama,Fantasy,Romance"
tt17351924,Saltburn,2023,131,"Drama,Thriller"
tt0116996,Mars Attacks!,1996,106,"Comedy,Sci-Fi"
tt0414993,The Fountain,2006,97,"Drama,Mystery,Romance"
tt1289401,Ghostbusters,2016,117,"Action,Comedy,Fantasy"
tt0094737,Big,1988,104,"Comedy,Drama,Fantasy"
tt0266915,Rush Hour 2,2001,90,"Action,Comedy,Crime"
tt0032553,The Great Dictator,1940,125,"Comedy,Drama,War"
tt0117509,Romeo + Juliet,1996,120,"Drama,Romance"
tt3704428,Elvis,2022,159,"Biography,Drama,Music"
tt2184339,The Purge,2013,85,"Horror,Sci-Fi,Thriller"
tt0384537,Silent Hill,2006,125,"Horror,Mystery"
tt0353969,Memories of Murder,2003,132,"Crime,Drama,Mystery"
tt0108399,True Romance,1993,119,"Crime,Drama,Romance"
tt5580036,"I, Tonya",2017,119,"Biography,Comedy,Drama"
tt0043014,Sunset Boulevard,1950,110,"Drama,Film-Noir"
tt5164214,Ocean's Eight,2018,110,"Action,Comedy,Crime"
tt1033575,The Descendants,2011,115,"Comedy,Drama"
tt17279496,Civil War,2024,109,"Action,Thriller,War"
tt0265208,The Girl Next Door,2004,109,"Comedy,Drama,Romance"
tt0123755,Cube,1997,90,"Horror,Mystery,Sci-Fi"
tt1424381,Predators,2010,107,"Action,Adventure,Sci-Fi"
tt0978764,Sucker Punch,2011,110,"Action,Adventure,Fantasy"
tt0448011,Knowing,2009,121,"Mystery,Sci-Fi,Thriller"
tt0100157,Misery,1990,107,"Drama,Thriller"
tt1959563,The Hitman's Bodyguard,2017,118,"Action,Comedy,Crime"
tt1649419,The Impossible,2012,114,"Drama,History,Thriller"
tt0144117,The Boondock Saints,1999,108,"Action,Crime,Thriller"
tt0145660,Austin Powers: The Spy Who Shagged Me,1999,95,"Action,Adventure,Comedy"
tt1212450,Lawless,2012,116,"Biography,Crime,Drama"
tt0134847,Pitch Black,2000,109,"Horror,Sci-Fi,Thriller"
tt0183505,"Me, Myself & Irene",2000,116,Comedy
tt10954600,Ant-Man and the Wasp: Quantumania,2023,124,"Action,Adventure,Comedy"
tt1731141,Ender's Game,2013,114,"Action,Adventure,Sci-Fi"
tt5034838,Godzilla vs. Kong,2021,113,"Action,Sci-Fi,Thriller"
tt3741834,Lion,2016,118,"Biography,Drama"
tt0103874,Dracula,1992,128,"Fantasy,Horror,Romance"
tt0465234,National Treasure: Book of Secrets,2007,124,"Action,Adventure,Mystery"
tt0110632,Natural Born Killers,1994,119,"Crime,Romance"
tt5109784,Mother!,2017,121,"Drama,Horror,Mystery"
tt0120855,Tarzan,1999,88,"Adventure,Animation,Comedy"
tt11866324,Prey,2022,100,"Action,Adventure,Horror"
tt0163978,The Beach,2000,119,"Adventure,Drama,Romance"
tt0259324,Ghost Rider,2007,110,"Action,Fantasy,Thriller"
tt0098635,When Harry Met Sally...,1989,95,"Comedy,Drama,Romance"
tt0108550,What's Eating Gilbert Grape,1993,118,Drama
tt0479952,Madagascar: Escape 2 Africa,2008,89,"Adventure,Animation,Comedy"
tt1243957,The Tourist,2010,103,"Action,Romance,Thriller"
tt2321549,The Babadook,2014,94,"Drama,Horror,Mystery"
tt0134119,The Talented Mr. Ripley,1999,139,"Crime,Drama,Thriller"
tt1440129,Battleship,2012,131,"Action,Adventure,Sci-Fi"
tt1649418,The Gray Man,2022,122,"Action,Mystery,Thriller"
tt1189340,The Lincoln Lawyer,2011,118,"Crime,Drama,Mystery"
tt0087538,The Karate Kid,1984,126,"Action,Drama,Family"
tt0898367,The Road,2009,111,"Drama,Thriller"
tt0335345,The Passion of the Christ,2004,127,Drama
tt2660888,Star Trek Beyond,2016,122,"Action,Adventure,Sci-Fi"
tt0338348,The Polar Express,2004,100,"Adventure,Animation,Family"
tt0435625,The Descent,2005,99,"Adventure,Horror,Thriller"
tt1436562,Rio,2011,96,"Adventure,Animation,Comedy"
tt0052618,Ben-Hur,1959,212,"Adventure,Drama"
tt2908446,The Divergent Series: Insurgent,2015,119,"Action,Adventure,Sci-Fi"
tt1211956,Escape Plan,2013,115,"Action,Thriller"
tt0914798,The Boy in the Striped Pajamas,2008,94,"Drama,War"
tt2906216,Dungeons & Dragons: Honor Among Thieves,2023,134,"Action,Adventure,Comedy"
tt0825232,The Bucket List,2007,97,"Adventure,Comedy,Drama"
tt1324999,The Twilight Saga: Breaking Dawn - Part 1,2011,117,"Adventure,Drama,Fantasy"
tt1179904,Paranormal Activity,2007,86,"Horror,Mystery"
tt0399146,A History of Violence,2005,96,"Action,Crime,Drama"
tt4630562,The Fate of the Furious,2017,136,"Action,Crime,Thriller"
tt0087363,Gremlins,1984,106,"Comedy,Fantasy,Horror"
tt0118655,Austin Powers: International Man of Mystery,1997,89,"Adventure,Comedy"
tt0245712,Amores Perros,2000,154,"Drama,Thriller"
tt0107818,Philadelphia,1993,125,Drama
tt3079380,Spy,2015,120,"Action,Comedy"
tt0985699,Valkyrie,2008,121,"Drama,History,Thriller"
tt0976051,The Reader,2008,124,"Drama,Mystery,Romance"
tt0486822,Disturbia,2007,105,"Crime,Drama,Mystery"
tt0120660,Enemy of the State,1998,132,"Action,Thriller"
tt1601913,The Grey,2011,117,"Action,Adventure,Drama"
tt2582782,Hell or High Water,2016,102,"Crime,Drama,Thriller"
tt2126355,San Andreas,2015,114,"Action,Adventure,Thriller"
tt0112697,Clueless,1995,97,"Comedy,Romance"
tt0824747,Changeling,2008,141,"Biography,Crime,Drama"
tt13833688,The Whale,2022,117,Drama
tt2704998,Game Night,2018,100,"Action,Adventure,Comedy"
tt1032755,RocknRolla,2008,114,"Action,Crime,Thriller"
tt5442430,Life,2017,104,"Horror,Sci-Fi,Thriller"
tt1148204,Orphan,2009,123,"Horror,Mystery,Thriller"
tt1959490,Noah,2014,138,"Action,Adventure,Drama"
tt0057115,The Great Escape,1963,172,"Adventure,Drama,Thriller"
tt1798684,Southpaw,2015,124,"Action,Drama,Sport"
tt26581740,Weapons,2025,128,"Horror,Mystery"
tt1386703,Total Recall,2012,118,"Action,Adventure,Sci-Fi"
tt0765443,Eastern Promises,2007,100,"Crime,Drama,Thriller"
tt1706593,Chronicle,2012,84,"Adventure,Drama,Sci-Fi"
tt1832382,A Separation,2011,123,Drama
tt0119282,Hercules,1997,93,"Action,Adventure,Animation"
tt0479884,Crank,2006,88,"Action,Crime,Thriller"
tt1401152,Unknown,2011,113,"Action,Mystery,Thriller"
tt16311594,F1: The Movie,2025,155,"Action,Drama,Sport"
tt0429493,The A-Team,2010,117,"Action,Adventure,Crime"
tt18412256,Alien: Romulus,2024,119,"Horror,Sci-Fi,Thriller"
tt0092890,Dirty Dancing,1987,100,"Drama,Music,Romance"
tt2935510,Ad Astra,2019,123,"Adventure,Drama,Mystery"
tt0117381,Primal Fear,1996,129,"Crime,Drama,Mystery"
tt0396171,Perfume: The Story of a Murderer,2006,147,"Crime,Drama,Fantasy"
tt1325004,The Twilight Saga: Eclipse,2010,124,"Action,Adventure,Drama"
tt0250494,Legally Blonde,2001,96,"Comedy,Romance"
tt3281548,Little Women,2019,135,"Drama,Romance"
tt0358273,Walk the Line,2005,136,"Biography,Drama,Music"
tt0478087,21,2008,123,"Crime,Drama,Thriller"
tt1673434,The Twilight Saga: Breaking Dawn - Part 2,2012,115,"Adventure,Drama,Fantasy"
tt1092026,Paul,2011,104,"Adventure,Comedy,Sci-Fi"
tt0497465,Vicky Cristina Barcelona,2008,96,"Comedy,Drama,Romance"
tt0080678,The Elephant Man,1980,124,"Biography,Drama"
tt0045152,Singin' in the Rain,1952,103,"Comedy,Musical,Romance"
tt1051906,The Invisible Man,2020,124,"Drama,Horror,Mystery"
tt7713068,Birds of Prey and the Fantabulous Emancipation of One Harley Quinn,2020,109,"Action,Comedy,Crime"
tt0112462,Batman Forever,1995,121,"Action,Adventure"
tt2293640,Minions,2015,91,"Adventure,Animation,Comedy"
tt0118688,Batman & Robin,1997,125,"Action,Sci-Fi"
tt1385826,The Adjustment Bureau,2011,106,"Crime,Drama,Mystery"
tt0844471,Cloudy with a Chance of Meatballs,2009,90,"Adventure,Animation,Comedy"
tt6718170,The Super Mario Bros. Movie,2023,92,"Adventure,Animation,Comedy"
tt0364725,Dodgeball: A True Underdog Story,2004,92,"Comedy,Sport"
tt1823672,Chappie,2015,120,"Action,Crime,Drama"
tt1080016,Ice Age: Dawn of the Dinosaurs,2009,94,"Adventure,Animation,Comedy"
tt0027977,Modern Times,1936,87,"Comedy,Drama,Romance"
tt0443272,Lincoln,2012,150,"Biography,Drama,History"
tt0113189,GoldenEye,1995,130,"Action,Adventure,Thriller"
tt0080339,Airplane!,1980,88,Comedy
tt0448134,Sunshine,2007,107,"Sci-Fi,Thriller"
tt4846340,Hidden Figures,2016,127,"Biography,Drama,History"
tt9218128,Gladiator II,2024,148,"Action,Adventure,Drama"
tt0243155,Bridget Jones's Diary,2001,97,"Comedy,Drama,Romance"
tt0252866,American Pie 2,2001,108,Comedy
tt1564367,Just Go with It,2011,117,"Comedy,Romance"
tt0082096,Das Boot,1981,149,"Drama,War"
tt8936646,Extraction,2020,116,"Action,Crime,Thriller"
tt0172156,Bad Boys II,2003,147,"Action,Comedy,Crime"
tt1931533,Seven Psychopaths,2012,110,"Comedy,Crime"
tt0221027,Blow,2001,124,"Biography,Crime,Drama"
tt2024469,Non-Stop,2014,106,"Action,Mystery,Thriller"
tt0363547,Dawn of the Dead,2004,101,"Action,Horror"
tt0059742,The Sound of Music,1965,174,"Biography,Drama,Family"
tt0087800,A Nightmare on Elm Street,1984,91,Horror
tt0102057,Hook,1991,142,"Adventure,Comedy,Family"
tt1855199,End of Watch,2012,109,"Action,Crime,Drama"
tt0309698,Identity,2003,90,"Mystery,Thriller"
tt0072890,Dog Day Afternoon,1975,125,"Biography,Crime,Drama"
tt6105098,The Lion King,2019,118,"Adventure,Animation,Drama"
tt0118583,Alien: Resurrection,1997,109,"Action,Horror,Sci-Fi"
tt0075686,Annie Hall,1977,93,"Comedy,Romance"
tt11813216,The Banshees of Inisherin,2022,114,"Comedy,Drama"
tt2005151,War Dogs,2016,114,"Biography,Comedy,Crime"
tt0286716,Hulk,2003,138,"Action,Sci-Fi"
tt3228774,Cruella,2021,134,"Adventure,Comedy,Crime"
tt0215750,Enemy at the Gates,2001,131,"Action,Drama,War"
tt2953050,Encanto,2021,102,"Animation,Comedy,Family"
tt0190332,"Crouching Tiger, Hidden Dragon",2000,120,"Action,Adventure,Drama"
tt2381941,Focus,2015,105,"Comedy,Crime,Drama"
tt1077368,Dark Shadows,2012,113,"Comedy,Fantasy,Horror"
tt0803096,Warcraft,2016,123,"Action,Adventure,Fantasy"
tt0093409,Lethal Weapon,1987,109,"Action,Crime,Thriller"
tt11138512,The Northman,2022,137,"Action,Adventure,Drama"
tt1464335,Uncharted,2022,116,"Action,Adventure"
tt0432348,Saw II,2005,93,"Horror,Mystery"
tt0955308,Robin Hood,2010,140,"Action,Adventure,Drama"
tt0368447,The Village,2004,108,"Drama,Mystery,Thriller"
tt0119643,Meet Joe Black,1998,178,"Drama,Fantasy,Romance"
tt3235888,It Follows,2014,100,"Horror,Mystery,Thriller"
tt0327597,Coraline,2009,100,"Animation,Drama,Family"
tt7984734,The Lighthouse,2019,109,"Drama,Fantasy,Horror"
tt0059578,For a Few Dollars More,1965,132,"Drama,Western"
tt0486576,Fantastic Four: Rise of the Silver Surfer,2007,92,"Action,Adventure,Fantasy"
tt0486655,Stardust,2007,127,"Adventure,Fantasy,Romance"
tt0083944,First Blood,1982,93,"Action,Adventure,Thriller"
tt0411477,Hellboy II: The Golden Army,2008,120,"Action,Adventure,Fantasy"
tt0401729,John Carter,2012,132,"Action,Adventure,Sci-Fi"
tt0070735,The Sting,1973,129,"Comedy,Crime,Drama"
tt7097896,Venom: Let There Be Carnage,2021,97,"Action,Comedy,Horror"
tt0257044,Road to Perdition,2002,117,"Crime,Drama,Thriller"
tt0320691,Underworld,2003,121,"Action,Fantasy,Thriller"
tt0111503,True Lies,1994,141,"Action,Comedy,Thriller"
tt5537002,Killers of the Flower Moon,2023,206,"Crime,Drama,History"
tt0432283,Fantastic Mr. Fox,2009,87,"Adventure,Animation,Comedy"
tt1650554,Kick-Ass 2,2013,103,"Action,Comedy,Crime"
tt5700672,Train to Busan,2016,118,"Action,Horror,Thriller"
tt10838180,The Matrix Resurrections,2021,148,"Action,Sci-Fi"
tt0183649,Phone Booth,2002,81,"Crime,Thriller"
tt6443346,Black Adam,2022,125,"Action,Adventure,Fantasy"
tt0795421,Mamma Mia!,2008,108,"Comedy,Musical,Romance"
tt0290002,Meet the Fockers,2004,115,"Comedy,Romance"
tt6823368,Glass,2019,129,"Drama,Horror,Sci-Fi"
tt0061722,The Graduate,1967,106,"Comedy,Drama,Romance"
tt0118749,Boogie Nights,1997,155,Drama
tt0116483,Happy Gilmore,1996,92,"Comedy,Sport"
tt0348150,Superman Returns,2006,154,"Action,Adventure,Sci-Fi"
tt4046784,Maze Runner: The Scorch Trials,2015,131,"Action,Adventure,Sci-Fi"
tt0053291,Some Like It Hot,1959,121,"Comedy,Music,Romance"
tt0800320,Clash of the Titans,2010,106,"Action,Adventure,Fantasy"
tt3040964,The Jungle Book,2016,106,"Action,Adventure,Animation"
tt0338526,Van Helsing,2004,131,"Action,Adventure,Fantasy"
tt2361509,The Intern,2015,121,"Comedy,Drama"
tt2302755,Olympus Has Fallen,2013,119,"Action,Thriller"
tt0093870,RoboCop,1987,102,"Action,Crime,Sci-Fi"
tt1340138,Terminator Genisys,2015,126,"Action,Adventure,Sci-Fi"
tt0259711,Vanilla Sky,2001,136,"Fantasy,Mystery,Romance"
tt0151804,Office Space,1999,89,Comedy
tt1016150,All Quiet on the Western Front,2022,148,"Drama,History,War"
tt1817273,The Place Beyond the Pines,2012,140,"Crime,Drama,Thriller"
tt1386588,The Other Guys,2010,107,"Action,Comedy,Crime"
tt0120804,Resident Evil,2002,100,"Action,Horror,Sci-Fi"
tt0116695,Jerry Maguire,1996,139,"Comedy,Drama,Romance"
tt0099348,Dances with Wolves,1990,181,"Adventure,Drama,Western"
tt0452623,Gone Baby Gone,2007,114,"Crime,Drama,Mystery"
tt1375670,Grown Ups,2010,102,Comedy
tt1133985,Green Lantern,2011,114,"Action,Adventure,Sci-Fi"
tt0187078,Gone in 60 Seconds,2000,118,"Action,Crime,Thriller"
tt1979376,Toy Story 4,2019,100,"Adventure,Animation,Comedy"
tt0837562,Hotel Transylvania,2012,91,"Animation,Comedy,Family"
tt7126948,Wonder Woman 1984,2020,151,"Action,Adventure,Fantasy"
tt0097757,The Little Mermaid,1989,83,"Adventure,Animation,Family"
tt5362988,Wind River,2017,107,"Crime,Drama,Mystery"
tt0289765,Red Dragon,2002,124,"Crime,Drama,Thriller"
tt0118884,Contact,1997,150,"Drama,Mystery,Sci-Fi"
tt0187393,The Patriot,2000,165,"Action,Drama,War"
tt1343727,Dredd,2012,95,"Action,Crime,Sci-Fi"
tt7349662,BlacKkKlansman,2018,135,"Biography,Comedy,Crime"
tt10954984,Nope,2022,130,"Horror,Mystery,Sci-Fi"
tt0381681,Before Sunset,2004,80,"Drama,Romance"
tt1213663,The World's End,2013,109,"Action,Comedy,Sci-Fi"
tt6139732,Aladdin,2019,128,"Adventure,Comedy,Family"
tt0212985,Hannibal,2001,131,"Crime,Drama,Thriller"
tt12037194,Furiosa: A Mad Max Saga,2024,148,"Action,Adventure,Sci-Fi"
tt0450385,1408,2007,104,"Fantasy,Horror,Mystery"
tt1922777,Sinister,2012,110,"Horror,Mystery,Thriller"
tt0107614,Mrs. Doubtfire,1993,125,"Comedy,Drama,Family"
tt0185937,The Blair Witch Project,1999,81,"Horror,Mystery"
tt0203009,Moulin Rouge!,2001,127,"Drama,Musical,Romance"
tt0112442,Bad Boys,1995,119,"Action,Comedy,Crime"
tt0181875,Almost Famous,2000,122,"Adventure,Comedy,Drama"
tt0104257,A Few Good Men,1992,138,"Drama,Thriller"
tt0251127,How to Lose a Guy in 10 Days,2003,116,"Comedy,Romance"
tt0258000,Panic Room,2002,112,"Crime,Drama,Thriller"
tt0196229,Zoolander,2001,90,Comedy
tt1735898,Snow White and the Huntsman,2012,127,"Action,Adventure,Drama"
tt0095765,Cinema Paradiso,1988,174,"Drama,Romance"
tt7975244,Jumanji: The Next Level,2019,123,"Action,Adventure,Comedy"
tt0379786,Serenity,2005,119,"Action,Adventure,Sci-Fi"
tt0438097,Ice Age: The Meltdown,2006,91,"Adventure,Animation,Comedy"
tt1192628,Rango,2011,107,"Action,Adventure,Animation"
tt0473075,Prince of Persia: The Sands of Time,2010,116,"Action,Adventure,Fantasy"
tt8332922,A Quiet Place Part II,2020,97,"Drama,Horror,Sci-Fi"
tt0120669,Fear and Loathing in Las Vegas,1998,118,"Adventure,Comedy,Drama"
tt0175142,Scary Movie,2000,88,Comedy
tt0800039,Forgetting Sarah Marshall,2008,111,"Comedy,Drama,Romance"
tt3402236,Murder on the Orient Express,2017,114,"Comedy,Crime,Drama"
tt1259571,The Twilight Saga: New Moon,2009,130,"Adventure,Drama,Fantasy"
tt8228288,The Platform,2019,94,"Horror,Mystery,Sci-Fi"
tt3263904,Sully,2016,96,"Biography,Drama"
tt0322259,2 Fast 2 Furious,2003,107,"Action,Crime,Thriller"
tt9603212,Mission: Impossible - Dead Reckoning Part One,2023,163,"Action,Adventure,Thriller"
tt0437086,Alita: Battle Angel,2019,122,"Action,Adventure,Sci-Fi"
tt1001526,Megamind,2010,95,"Action,Adventure,Animation"
tt1091191,Lone Survivor,2013,121,"Action,Biography,Drama"
tt0077631,Grease,1978,110,"Comedy,Musical,Romance"
tt0089218,The Goonies,1985,114,"Adventure,Comedy,Family"
tt1478338,Bridesmaids,2011,125,Comedy
tt0120812,Rush Hour,1998,98,"Action,Comedy,Crime"
tt0808151,Angels & Demons,2009,138,"Mystery,Thriller"
tt3450958,War for the Planet of the Apes,2017,140,"Action,Adventure,Drama"
tt0783233,Atonement,2007,123,"Drama,Mystery,Romance"
tt0814314,Seven Pounds,2008,123,"Drama,Mystery,Thriller"
tt0121164,Corpse Bride,2005,77,"Animation,Comedy,Drama"
tt2674426,Me Before You,2016,110,"Drama,Romance"
tt0463985,The Fast and the Furious: Tokyo Drift,2006,104,"Action,Crime,Thriller"
tt1194173,The Bourne Legacy,2012,135,"Action,Adventure,Thriller"
tt0120611,Blade,1998,120,"Action,Horror,Sci-Fi"
tt4160708,Don't Breathe,2016,88,"Crime,Horror,Thriller"
tt1253863,300: Rise of an Empire,2014,102,"Action,Drama,Fantasy"
tt0449467,Babel,2006,143,Drama
tt4123430,Fantastic Beasts: The Crimes of Grindelwald,2018,134,"Adventure,Family,Fantasy"
tt1598778,Contagion,2011,106,"Drama,Thriller"
tt3464902,The Lobster,2015,119,"Drama,Romance,Sci-Fi"
tt2277860,Finding Dory,2016,97,"Adventure,Animation,Comedy"
tt0195714,Final Destination,2000,98,"Horror,Thriller"
tt0170016,How the Grinch Stole Christmas,2000,104,"Comedy,Family,Fantasy"
tt1125849,The Wrestler,2008,109,"Drama,Sport"
tt0265666,The Royal Tenenbaums,2001,110,"Comedy,Drama"
tt3076658,Creed,2015,133,"Action,Drama,Sport"
tt2397535,Predestination,2014,97,"Action,Drama,Sci-Fi"
tt1028528,Death Proof,2007,127,"Drama,Thriller"
tt1013752,Fast & Furious,2009,107,"Action,Thriller"
tt9243946,El Camino,2019,122,"Crime,Drama,Thriller"
tt1764651,The Expendables 2,2012,103,"Action,Adventure,Thriller"
tt0112384,Apollo 13,1995,140,"Adventure,Drama,History"
tt1152836,Public Enemies,2009,140,"Biography,Crime,Drama"
tt0120623,A Bug's Life,1998,95,"Adventure,Animation,Comedy"
tt0119822,As Good as It Gets,1997,139,"Comedy,Drama,Romance"
tt1397280,Taken 2,2012,92,"Action,Crime,Thriller"
tt4550098,Nocturnal Animals,2016,116,"Drama,Thriller"
tt0077651,Halloween,1978,91,"Horror,Thriller"
tt0293662,The Transporter,2002,92,"Action,Crime,Thriller"
tt0489099,Jumper,2008,88,"Action,Adventure,Sci-Fi"
tt0212720,A.I. Artificial Intelligence,2001,146,"Adventure,Drama,Sci-Fi"
tt0118880,Con Air,1997,115,"Action,Crime,Thriller"
tt1245526,RED,2010,111,"Action,Comedy,Crime"
tt0425210,Lucky Number Slevin,2006,110,"Crime,Drama,Thriller"
tt3065204,The Conjuring 2,2016,134,"Horror,Mystery,Thriller"
tt0056172,Lawrence of Arabia,1962,227,"Adventure,Biography,Drama"
tt0838283,Step Brothers,2008,98,Comedy
tt1790885,Zero Dark Thirty,2012,157,"Drama,History,Thriller"
tt0278504,Insomnia,2002,118,"Drama,Mystery,Thriller"
tt1028532,Hachi: A Dog's Tale,2009,93,"Biography,Drama,Family"
tt31193180,Sinners,2025,137,"Action,Drama,Horror"
tt0399201,The Island,2005,136,"Action,Sci-Fi,Thriller"
tt2316204,Alien: Covenant,2017,122,"Horror,Sci-Fi,Thriller"
tt1485796,The Greatest Showman,2017,105,"Biography,Drama,Musical"
tt0944835,Salt,2010,100,"Action,Thriller"
tt0120762,Mulan,1998,87,"Adventure,Animation,Comedy"
tt1197624,Law Abiding Citizen,2009,109,"Action,Crime,Drama"
tt3682448,Bridge of Spies,2015,142,"Drama,History,Thriller"
tt0106977,The Fugitive,1993,130,"Action,Crime,Drama"
tt0120201,Starship Troopers,1997,129,"Action,Adventure,Sci-Fi"
tt0453467,Deja Vu,2006,126,"Action,Crime,Sci-Fi"
tt2004420,Neighbors,2014,97,Comedy
tt0119177,Gattaca,1997,106,"Drama,Sci-Fi,Thriller"
tt0319343,Elf,2003,97,"Adventure,Comedy,Family"
tt7349950,It: Chapter Two,2019,169,"Drama,Fantasy,Horror"
tt0129387,There's Something About Mary,1998,119,"Comedy,Romance"
tt4263482,The Witch,2015,92,"Drama,Fantasy,Horror"
tt5727208,Uncut Gems,2019,135,"Crime,Drama,Thriller"
tt2109248,Transformers: Age of Extinction,2014,165,"Action,Adventure,Comedy"
tt0320661,Kingdom of Heaven,2005,144,"Action,Adventure,Drama"
tt0175880,Magnolia,1999,188,Drama
tt0386588,Hitch,2005,118,"Comedy,Romance"
tt1981677,Pitch Perfect,2012,112,"Comedy,Music,Romance"
tt0298203,8 Mile,2002,110,"Drama,Music"
tt0103776,Batman Returns,1992,126,"Action,Crime,Fantasy"
tt0970179,Hugo,2011,126,"Adventure,Drama,Family"
tt0190590,"O Brother, Where Art Thou?",2000,107,"Adventure,Comedy,Crime"
tt4975722,Moonlight,2016,111,Drama
tt0381849,3:10 to Yuma,2007,122,"Action,Crime,Drama"
tt0109040,Ace Ventura: Pet Detective,1994,86,Comedy
tt0056592,To Kill a Mockingbird,1962,129,"Crime,Drama"
tt0103644,Alien³,1992,114,"Action,Horror,Sci-Fi"
tt4034228,Manchester by the Sea,2016,137,Drama
tt7991608,Red Notice,2021,118,"Action,Comedy,Thriller"
tt1302011,Kung Fu Panda 2,2011,90,"Action,Adventure,Animation"
tt0094226,The Untouchables,1987,119,"Crime,Drama,Thriller"
tt1306980,50/50,2011,100,"Comedy,Drama,Romance"
tt5726616,Call Me by Your Name,2017,132,"Drama,Romance"
tt0463854,28 Weeks Later,2007,99,"Horror,Sci-Fi"
tt0119008,Donnie Brasco,1997,127,"Biography,Crime,Drama"
tt2322441,Fifty Shades of Grey,2015,125,"Drama,Romance,Thriller"
tt0472043,Apocalypto,2006,139,"Action,Adventure,Drama"
tt0031381,Gone with the Wind,1939,238,"Drama,Romance,War"
tt0332379,School of Rock,2003,109,"Comedy,Music"
tt1638355,The Man from U.N.C.L.E.,2015,116,"Action,Adventure,Comedy"
tt3110958,Now You See Me 2,2016,129,"Action,Adventure,Comedy"
tt2771200,Beauty and the Beast,2017,129,"Adventure,Family,Fantasy"
tt0399295,Lord of War,2005,122,"Crime,Drama"
tt0413267,Shrek the Third,2007,93,"Adventure,Animation,Comedy"
tt1951261,The Hangover Part III,2013,100,"Comedy,Crime"
tt1037705,The Book of Eli,2010,118,"Action,Adventure,Drama"
tt0119528,Liar Liar,1997,86,"Comedy,Fantasy"
tt1193138,Up in the Air,2009,109,"Comedy,Drama,Romance"
tt4925292,Lady Bird,2017,94,"Comedy,Drama"
tt1707386,Les Misérables,2012,158,"Drama,Musical,Romance"
tt0238380,Equilibrium,2002,107,"Action,Drama,Sci-Fi"
tt1645170,The Dictator,2012,83,Comedy
tt9114286,Black Panther: Wakanda Forever,2022,161,"Action,Adventure,Drama"
tt0462538,The Simpsons Movie,2007,87,"Adventure,Animation,Comedy"
tt0457939,The Holiday,2006,136,"Comedy,Romance"
tt1591095,Insidious,2010,103,"Horror,Mystery,Thriller"
tt0105323,Scent of a Woman,1992,156,Drama
tt3606756,Incredibles 2,2018,118,"Action,Adventure,Animation"
tt0209163,The Mummy Returns,2001,130,"Action,Adventure,Fantasy"
tt0163025,Jurassic Park III,2001,92,"Action,Adventure,Sci-Fi"
tt0116367,From Dusk Till Dawn,1996,108,"Action,Crime,Horror"
tt0359950,The Secret Life of Walter Mitty,2013,114,"Adventure,Comedy,Drama"
tt0213149,Pearl Harbor,2001,183,"Action,Drama,Romance"
tt0053125,North by Northwest,1959,136,"Adventure,Drama,Mystery"
tt0120601,Being John Malkovich,1999,113,"Comedy,Drama,Fantasy"
tt0167190,Hellboy,2004,122,"Action,Adventure,Fantasy"
tt7653254,Marriage Story,2019,137,"Drama,Romance"
tt0414387,Pride & Prejudice,2005,129,"Drama,Romance"
tt0884328,The Mist,2007,126,"Horror,Sci-Fi,Thriller"
tt1231583,Due Date,2010,95,"Comedy,Drama"
tt3731562,Kong: Skull Island,2017,118,"Action,Adventure,Fantasy"
tt0910936,Pineapple Express,2008,111,"Action,Comedy,Crime"
tt0120667,Fantastic Four,2005,106,"Action,Adventure,Fantasy"
tt0112471,Before Sunrise,1995,101,"Comedy,Drama,Romance"
tt0887883,Burn After Reading,2008,96,"Comedy,Crime,Drama"
tt0110148,Interview with the Vampire,1994,123,"Drama,Fantasy,Horror"
tt5950044,Superman,2025,129,"Action,Adventure,Sci-Fi"
tt0822854,Shooter,2007,124,"Action,Drama,Thriller"
tt0071315,Chinatown,1974,130,"Drama,Mystery,Thriller"
tt0368891,National Treasure,2004,131,"Action,Adventure,Mystery"
tt1403865,True Grit,2010,110,"Drama,Western"
tt2788710,The Interview,2014,112,"Action,Adventure,Comedy"
tt0095327,Grave of the Fireflies,1988,88,"Animation,Drama,War"
tt0212338,Meet the Parents,2000,108,"Comedy,Romance"
tt4881806,Jurassic World: Fallen Kingdom,2018,128,"Action,Adventure,Sci-Fi"
tt0117500,The Rock,1996,136,"Action,Adventure,Thriller"
tt0433035,Real Steel,2011,127,"Action,Drama,Sci-Fi"
tt0100802,Total Recall,1990,113,"Action,Adventure,Sci-Fi"
tt0125439,Notting Hill,1999,124,"Comedy,Drama,Romance"
tt1320253,The Expendables,2010,103,"Action,Adventure,Thriller"
tt1790809,Pirates of the Caribbean: Dead Men Tell No Tales,2017,129,"Action,Adventure,Fantasy"
tt1650062,Super 8,2011,112,"Action,Sci-Fi,Thriller"
tt1065073,Boyhood,2014,165,Drama
tt14230458,Poor Things,2023,141,"Comedy,Drama,Romance"
tt5311514,Your Name.,2016,106,"Animation,Drama,Fantasy"
tt1179933,10 Cloverfield Lane,2016,103,"Drama,Horror,Sci-Fi"
tt1748122,Moonrise Kingdom,2012,94,"Adventure,Comedy,Drama"
tt0064116,Once Upon a Time in the West,1968,166,"Drama,Western"
tt0389860,Click,2006,107,"Comedy,Drama,Fantasy"
tt1104001,Tron: Legacy,2010,125,"Action,Adventure,Sci-Fi"
tt0878804,The Blind Side,2009,129,"Biography,Drama,Sport"
tt7888964,Nobody,2021,92,"Action,Crime,Drama"
tt0077416,The Deer Hunter,1978,183,"Drama,War"
tt6857112,Us,2019,116,"Horror,Mystery,Thriller"
tt0496806,Ocean's Thirteen,2007,122,"Crime,Thriller"
tt1371111,Cloud Atlas,2012,172,"Drama,Mystery,Sci-Fi"
tt0790724,Jack Reacher,2012,130,"Action,Thriller"
tt17526714,The Substance,2024,141,"Drama,Horror,Sci-Fi"
tt2798920,Annihilation,2018,115,"Adventure,Drama,Horror"
tt2140479,The Accountant,2016,128,"Action,Crime,Drama"
tt0395169,Hotel Rwanda,2004,121,"Biography,Drama,History"
tt0438488,Terminator Salvation,2009,115,"Action,Adventure,Sci-Fi"
tt1041829,The Proposal,2009,108,"Comedy,Drama,Romance"
tt1182345,Moon,2009,97,"Drama,Mystery,Sci-Fi"
tt6208148,Snow White,2025,109,"Adventure,Family,Fantasy"
tt1907668,Flight,2012,138,"Drama,Thriller"
tt0396269,Wedding Crashers,2005,119,"Comedy,Romance"
tt1646971,How to Train Your Dragon 2,2014,102,"Action,Adventure,Animation"
tt4649466,Kingsman: The Golden Circle,2017,141,"Action,Adventure,Comedy"
tt0478311,Knocked Up,2007,129,"Comedy,Romance"
tt0363163,Downfall,2004,156,"Biography,Drama,History"
tt0357413,Anchorman: The Legend of Ron Burgundy,2004,94,Comedy
tt0047478,Seven Samurai,1954,207,"Action,Drama"
tt0100405,Pretty Woman,1990,119,"Comedy,Romance"
tt0298130,The Ring,2002,115,"Horror,Mystery"
tt0119396,Jackie Brown,1997,154,"Crime,Drama,Thriller"
tt10366206,John Wick: Chapter 4,2023,169,"Action,Crime,Thriller"
tt1068680,Yes Man,2008,104,"Comedy,Romance"
tt0443543,The Illusionist,2006,110,"Drama,Fantasy,Mystery"
tt2106476,The Hunt,2012,115,Drama
tt0360486,Constantine,2005,121,"Action,Fantasy,Horror"
tt0338751,The Aviator,2004,170,"Biography,Drama"
tt0477347,Night at the Museum,2006,108,"Adventure,Comedy,Family"
tt0408236,Sweeney Todd: The Demon Barber of Fleet Street,2007,116,"Drama,Horror,Musical"
tt0099423,Die Hard 2,1990,124,"Action,Thriller"
tt3778644,Solo: A Star Wars Story,2018,135,"Action,Adventure,Sci-Fi"
tt0317740,The Italian Job,2003,111,"Action,Crime,Thriller"
tt0087843,Once Upon a Time in America,1984,229,"Crime,Drama"
tt0964517,The Fighter,2010,116,"Action,Biography,Drama"
tt0081398,Raging Bull,1980,129,"Biography,Drama,Sport"
tt3799694,The Nice Guys,2016,116,"Action,Comedy,Crime"
tt1951266,The Hunger Games: Mockingjay - Part 2,2015,137,"Action,Adventure,Sci-Fi"
tt0113497,Jumanji,1995,104,"Adventure,Comedy,Family"
tt0107688,The Nightmare Before Christmas,1993,76,"Adventure,Animation,Family"
tt1409024,Men in Black³,2012,106,"Action,Adventure,Comedy"
tt0343660,50 First Dates,2004,99,"Comedy,Drama,Romance"
tt0448115,Shazam!,2019,132,"Action,Adventure,Comedy"
tt0162661,Sleepy Hollow,1999,105,"Fantasy,Horror,Mystery"
tt0120755,Mission: Impossible II,2000,123,"Action,Adventure,Thriller"
tt0286106,Signs,2002,106,"Drama,Mystery,Sci-Fi"
tt1490017,The Lego Movie,2014,100,"Action,Adventure,Animation"
tt0091042,Ferris Bueller's Day Off,1986,103,Comedy
tt0388795,Brokeback Mountain,2005,134,"Drama,Romance"
tt0328107,Man on Fire,2004,146,"Action,Crime,Drama"
tt0094721,Beetlejuice,1988,92,"Comedy,Fantasy"
tt4912910,Mission: Impossible - Fallout,2018,147,"Action,Adventure,Thriller"
tt1706620,Snowpiercer,2013,126,"Action,Sci-Fi,Thriller"
tt0120663,Eyes Wide Shut,1999,159,"Drama,Mystery,Thriller"
tt1632708,Friends with Benefits,2011,109,"Comedy,Romance"
tt2737304,Bird Box,2018,124,"Horror,Mystery,Sci-Fi"
tt1190080,2012,2009,158,"Action,Adventure,Sci-Fi"
tt0111257,Speed,1994,116,"Action,Adventure,Thriller"
tt1453405,Monsters University,2013,104,"Adventure,Animation,Comedy"
tt0166924,Mulholland Drive,2001,147,"Drama,Mystery,Thriller"
tt9032400,Eternals,2021,156,"Action,Adventure,Fantasy"
tt0317919,Mission: Impossible III,2006,126,"Action,Adventure,Thriller"
tt1587310,Maleficent,2014,97,"Adventure,Drama,Family"
tt0454848,Inside Man,2006,129,"Crime,Drama,Mystery"
tt1542344,127 Hours,2010,94,"Biography,Drama"
tt2582846,The Fault in Our Stars,2014,126,"Drama,Romance"
tt0230600,The Others,2001,104,"Horror,Mystery,Thriller"
tt0119094,Face/Off,1997,138,"Action,Crime,Sci-Fi"
tt0096283,My Neighbor Totoro,1988,86,"Adventure,Animation,Comedy"
tt2194499,About Time,2013,123,"Comedy,Drama,Fantasy"
tt0493464,Wanted,2008,110,"Action,Crime,Thriller"
tt0120912,Men in Black II,2002,88,"Action,Adventure,Comedy"
tt0112864,Die Hard with a Vengeance,1995,128,"Action,Adventure,Thriller"
tt0096895,Batman,1989,126,"Action,Adventure"
tt1596343,Fast Five,2011,130,"Action,Crime,Thriller"
tt3521164,Moana,2016,107,"Adventure,Animation,Comedy"
tt0079470,Monty Python's Life of Brian,1979,94,Comedy
tt2294449,22 Jump Street,2014,112,"Action,Comedy,Crime"
tt0337978,Live Free or Die Hard,2007,128,"Action,Thriller"
tt0181852,Terminator 3: Rise of the Machines,2003,109,"Action,Sci-Fi"
tt0349903,Ocean's Twelve,2004,125,"Crime,Thriller"
tt2820852,Furious 7,2015,137,"Action,Thriller"
tt0117571,Scream,1996,111,"Horror,Mystery"
tt1905041,Fast & Furious 6,2013,130,"Action,Thriller"
tt0118971,The Devil's Advocate,1997,144,"Drama,Fantasy,Mystery"
tt0361862,The Machinist,2004,101,"Drama,Thriller"
tt0109686,Dumb and Dumber,1994,107,Comedy
tt2948372,Soul,2020,100,"Adventure,Animation,Comedy"
tt0147800,10 Things I Hate About You,1999,97,"Comedy,Drama,Romance"
tt1282140,Easy A,2010,92,"Comedy,Drama,Romance"
tt0405094,The Lives of Others,2006,137,"Drama,Mystery,Thriller"
tt1060277,Cloverfield,2008,85,"Action,Horror,Sci-Fi"
tt2381249,Mission: Impossible - Rogue Nation,2015,131,"Action,Adventure,Thriller"
tt0840361,The Town,2010,125,"Crime,Drama,Thriller"
tt1517451,A Star Is Born,2018,136,"Drama,Music,Romance"
tt7784604,Hereditary,2018,127,"Drama,Horror,Mystery"
tt0104431,Home Alone 2: Lost in New York,1992,120,"Adventure,Comedy,Crime"
tt8367814,The Gentlemen,2019,113,"Action,Comedy,Crime"
tt0099674,The Godfather Part III,1990,162,"Crime,Drama"
tt0265086,Black Hawk Down,2001,144,"Action,Drama,History"
tt1055369,Transformers: Revenge of the Fallen,2009,149,"Action,Adventure,Sci-Fi"
tt0232500,The Fast and the Furious,2001,106,"Action,Crime,Thriller"
tt10648342,Thor: Love and Thunder,2022,118,"Action,Adventure,Comedy"
tt6334354,The Suicide Squad,2021,132,"Action,Adventure,Comedy"
tt1245492,This Is the End,2013,107,"Comedy,Fantasy,Sci-Fi"
tt1399103,Transformers: Dark of the Moon,2011,154,"Action,Adventure,Comedy"
tt0363771,"The Chronicles of Narnia: The Lion, the Witch and the Wardrobe",2005,143,"Adventure,Family,Fantasy"
tt1690953,Despicable Me 2,2013,98,"Adventure,Animation,Comedy"
tt0052357,Vertigo,1958,128,"Mystery,Romance,Thriller"
tt6791350,Guardians of the Galaxy Vol. 3,2023,150,"Action,Adventure,Comedy"
tt0455944,The Equalizer,2014,132,"Action,Crime,Thriller"
tt0375679,Crash,2004,112,"Crime,Drama,Thriller"
tt0831387,Godzilla,2014,123,"Action,Adventure,Sci-Fi"
tt0369339,Collateral,2004,120,"Action,Crime,Drama"
tt0032138,The Wizard of Oz,1939,102,"Adventure,Family,Fantasy"
tt0110475,The Mask,1994,101,"Comedy,Crime,Fantasy"
tt0163651,American Pie,1999,95,Comedy
tt0086879,Amadeus,1984,160,"Biography,Drama,Music"
tt1014759,Alice in Wonderland,2010,108,"Adventure,Family,Fantasy"
tt0315327,Bruce Almighty,2003,101,"Comedy,Fantasy"
tt0105695,Unforgiven,1992,130,"Drama,Western"
tt0119174,The Game,1997,129,"Drama,Mystery,Thriller"
tt0217869,Unbreakable,2000,106,"Drama,Mystery,Sci-Fi"
tt1302006,The Irishman,2019,209,"Biography,Crime,Drama"
tt0083866,E.T. the Extra-Terrestrial,1982,115,"Adventure,Family,Sci-Fi"
tt0360717,King Kong,2005,187,"Action,Adventure,Romance"
tt0091763,Platoon,1986,120,"Drama,War"
tt0088847,The Breakfast Club,1985,97,"Comedy,Drama"
tt1605783,Midnight in Paris,2011,94,"Comedy,Fantasy,Romance"
tt12361974,Zack Snyder's Justice League,2021,242,"Action,Adventure,Fantasy"
tt3480822,Black Widow,2021,134,"Action,Adventure,Sci-Fi"
tt5580390,The Shape of Water,2017,123,"Drama,Fantasy,Romance"
tt0443453,Borat,2006,84,Comedy
tt0351283,Madagascar,2005,86,"Adventure,Animation,Comedy"
tt6146586,John Wick: Chapter 3 - Parabellum,2019,130,"Action,Crime,Drama"
tt8772262,Midsommar,2019,148,"Drama,Horror,Mystery"
tt0119567,The Lost World: Jurassic Park,1997,129,"Action,Adventure,Sci-Fi"
tt1217209,Brave,2012,93,"Action,Adventure,Animation"
tt1187043,3 Idiots,2009,170,"Comedy,Drama"
tt0120591,Armageddon,1998,151,"Action,Adventure,Sci-Fi"
tt0319061,Big Fish,2003,125,"Adventure,Drama,Fantasy"
tt0119698,Princess Mononoke,1997,133,"Adventure,Animation,Fantasy"
tt3170832,Room,2015,118,"Drama,Thriller"
tt0377092,Mean Girls,2004,97,Comedy
tt1637688,In Time,2011,109,"Action,Sci-Fi,Thriller"
tt2382320,No Time to Die,2021,163,"Action,Adventure,Thriller"
tt0092005,Stand by Me,1986,89,"Adventure,Comedy,Drama"
tt6264654,Free Guy,2021,115,"Action,Adventure,Comedy"
tt0093779,The Princess Bride,1987,98,"Adventure,Comedy,Family"
tt9376612,Shang-Chi and the Legend of the Ten Rings,2021,132,"Action,Adventure,Fantasy"
tt0765429,American Gangster,2007,157,"Biography,Crime,Drama"
tt2584384,Jojo Rabbit,2019,108,"Comedy,Drama,War"
tt0382625,The Da Vinci Code,2006,149,"Mystery,Thriller"
tt0087332,Ghostbusters,1984,105,"Action,Comedy,Fantasy"
tt0942385,Tropic Thunder,2008,107,"Action,Comedy,War"
tt9764362,The Menu,2022,107,"Comedy,Horror,Thriller"
tt1259521,The Cabin in the Woods,2011,95,"Horror,Mystery,Thriller"
tt1499658,Horrible Bosses,2011,98,"Comedy,Crime"
tt5095030,Ant-Man and the Wasp,2018,118,"Action,Adventure,Comedy"
tt3385516,X-Men: Apocalypse,2016,144,"Action,Adventure,Sci-Fi"
tt1535108,Elysium,2013,109,"Action,Drama,Sci-Fi"
tt1355644,Passengers,2016,116,"Drama,Romance,Sci-Fi"
tt0780536,In Bruges,2008,107,"Comedy,Crime,Drama"
tt0033467,Citizen Kane,1941,119,"Drama,Mystery"
tt2379713,Spectre,2015,148,"Action,Adventure,Thriller"
tt1772341,Wreck-It Ralph,2012,101,"Adventure,Animation,Comedy"
tt0446029,Scott Pilgrim vs. the World,2010,112,"Action,Comedy,Fantasy"
tt0830515,Quantum of Solace,2008,106,"Action,Adventure,Mystery"
tt0070047,The Exorcist,1973,122,Horror
tt0887912,The Hurt Locker,2008,131,"Drama,Thriller,War"
tt0093773,Predator,1987,107,"Action,Adventure,Horror"
tt2283362,Jumanji: Welcome to the Jungle,2017,119,"Action,Adventure,Comedy"
tt0120616,The Mummy,1999,124,"Action,Adventure,Fantasy"
tt0103639,Aladdin,1992,90,"Adventure,Animation,Comedy"
tt0405422,The 40-Year-Old Virgin,2005,116,"Comedy,Romance"
tt1515091,Sherlock Holmes: A Game of Shadows,2011,129,"Action,Adventure,Mystery"
tt0217505,Gangs of New York,2002,167,"Crime,Drama"
tt0325710,The Last Samurai,2003,154,"Action,Drama"
tt9362722,Spider-Man: Across the Spider-Verse,2023,140,"Action,Adventure,Animation"
tt1210166,Moneyball,2011,133,"Biography,Drama,Sport"
tt0974015,Justice League,2017,120,"Action,Adventure,Fantasy"
tt0101414,Beauty and the Beast,1991,84,"Animation,Family,Fantasy"
tt0407304,War of the Worlds,2005,117,"Action,Adventure,Sci-Fi"
tt0347149,Howl's Moving Castle,2004,119,"Adventure,Animation,Family"
tt0387564,Saw,2004,103,"Horror,Mystery,Thriller"
tt2980516,The Theory of Everything,2014,123,"Biography,Drama,Romance"
tt11564570,Glass Onion,2022,139,"Comedy,Crime,Drama"
tt0319262,The Day After Tomorrow,2004,124,"Action,Adventure,Sci-Fi"
tt2103281,Dawn of the Planet of the Apes,2014,130,"Action,Adventure,Drama"
tt1408101,Star Trek Into Darkness,2013,132,"Action,Adventure,Sci-Fi"
tt0372183,The Bourne Supremacy,2004,108,"Action,Mystery,Thriller"
tt0139654,Training Day,2001,122,"Crime,Drama,Thriller"
tt0367882,Indiana Jones and the Kingdom of the Crystal Skull,2008,122,"Action,Adventure"
tt0117060,Mission: Impossible,1996,110,"Action,Adventure,Thriller"
tt0099088,Back to the Future Part III,1990,118,"Adventure,Comedy,Sci-Fi"
tt1840309,Divergent,2014,139,"Action,Adventure,Drama"
tt1535109,Captain Phillips,2013,134,"Action,Biography,Crime"
tt1800241,American Hustle,2013,138,"Crime,Drama"
tt0327056,Mystic River,2003,138,"Crime,Drama,Mystery"
tt0084787,The Thing,1982,109,"Horror,Mystery,Sci-Fi"
tt1723121,We're the Millers,2013,110,"Comedy,Crime"
tt0458352,The Devil Wears Prada,2006,109,"Comedy,Drama"
tt12593682,Bullet Train,2022,127,"Action,Comedy,Thriller"
tt1099212,Twilight,2008,122,"Drama,Fantasy,Romance"
tt1430132,The Wolverine,2013,126,"Action,Sci-Fi"
tt0335266,Lost in Translation,2003,102,"Comedy,Drama"
tt0317219,Cars,2006,116,"Adventure,Animation,Comedy"
tt1568346,The Girl with the Dragon Tattoo,2011,158,"Crime,Drama,Mystery"
tt1454029,The Help,2011,146,Drama
tt1291584,Warrior,2011,140,"Action,Drama,Sport"
tt3397884,Sicario,2015,121,"Action,Crime,Drama"
tt0362227,The Terminal,2004,128,"Comedy,Drama,Romance"
tt0289043,28 Days Later,2002,113,"Drama,Horror,Sci-Fi"
tt1596363,The Big Short,2015,130,"Biography,Comedy,Drama"
tt1895587,Spotlight,2015,129,"Biography,Crime,Drama"
tt2527338,Star Wars: Episode IX - The Rise of Skywalker,2019,141,"Action,Adventure,Fantasy"
tt1677720,Ready Player One,2018,140,"Action,Adventure,Sci-Fi"
tt9419884,Doctor Strange in the Multiverse of Madness,2022,126,"Action,Adventure,Fantasy"
tt0448157,Hancock,2008,92,"Action,Comedy,Drama"
tt3183660,Fantastic Beasts and Where to Find Them,2016,132,"Adventure,Family,Fantasy"
tt0398286,Tangled,2010,100,"Adventure,Animation,Comedy"
tt0119116,The Fifth Element,1997,126,"Action,Adventure,Sci-Fi"
tt1951265,The Hunger Games: Mockingjay - Part 1,2014,123,"Action,Adventure,Sci-Fi"
tt0092099,Top Gun,1986,110,"Action,Drama"
tt0790636,Dallas Buyers Club,2013,117,"Biography,Drama"
tt2245084,Big Hero 6,2014,102,"Action,Adventure,Animation"
tt6263850,Deadpool & Wolverine,2024,128,"Action,Adventure,Comedy"
tt0298148,Shrek 2,2004,93,"Adventure,Animation,Comedy"
tt0057012,Dr. Strangelove or: How I Learned to Stop Worrying and Love the Bomb,1964,95,"Comedy,War"
tt1477834,Aquaman,2018,143,"Action,Adventure,Fantasy"
tt0038650,It's a Wonderful Life,1946,130,"Drama,Family,Fantasy"
tt0289879,The Butterfly Effect,2004,113,"Drama,Sci-Fi,Thriller"
tt0449059,Little Miss Sunshine,2006,101,"Comedy,Drama"
tt1979320,Rush,2013,123,"Biography,Drama,Sport"
tt1790864,The Maze Runner,2014,113,"Action,Mystery,Sci-Fi"
tt1663662,Pacific Rim,2013,131,"Action,Adventure,Sci-Fi"
tt1950186,Ford v Ferrari,2019,152,"Action,Biography,Drama"
tt0268380,Ice Age,2002,81,"Adventure,Animation,Comedy"
tt0800080,The Incredible Hulk,2008,112,"Action,Adventure,Sci-Fi"
tt0099487,Edward Scissorhands,1990,105,"Drama,Fantasy,Romance"
tt0206634,Children of Men,2006,109,"Drama,Sci-Fi,Thriller"
tt4425200,John Wick: Chapter 2,2017,122,"Action,Crime,Thriller"
tt1229238,Mission: Impossible - Ghost Protocol,2011,132,"Action,Adventure,Thriller"
tt0425112,Hot Fuzz,2007,121,"Action,Comedy,Mystery"
tt0087469,Indiana Jones and the Temple of Doom,1984,118,"Action,Adventure"
tt2179136,American Sniper,2014,133,"Action,Biography,Drama"
tt0458525,X-Men Origins: Wolverine,2009,107,"Action,Sci-Fi"
tt0047396,Rear Window,1954,112,"Drama,Mystery,Thriller"
tt0367594,Charlie and the Chocolate Factory,2005,115,"Adventure,Comedy,Family"
tt0376994,X-Men: The Last Stand,2006,104,"Action,Adventure,Sci-Fi"
tt0441773,Kung Fu Panda,2008,92,"Action,Adventure,Animation"
tt0467406,Juno,2007,96,"Comedy,Drama"
tt1411697,The Hangover Part II,2011,102,Comedy
tt0242653,The Matrix Revolutions,2003,129,"Action,Sci-Fi"
tt2872732,Lucy,2014,89,"Action,Sci-Fi,Thriller"
tt0314331,Love Actually,2003,135,"Comedy,Drama,Romance"
tt0095953,Rain Man,1988,133,Drama
tt0945513,Source Code,2011,93,"Action,Drama,Mystery"
tt10811166,The Kashmir Files,2022,170,Drama
tt1872181,The Amazing Spider-Man 2,2014,142,"Action,Adventure,Sci-Fi"
tt1483013,Oblivion,2013,124,"Action,Adventure,Sci-Fi"
tt1630029,Avatar: The Way of Water,2022,192,"Action,Adventure,Fantasy"
tt0356910,Mr. & Mrs. Smith,2005,120,"Action,Comedy,Crime"
tt1659337,The Perks of Being a Wallflower,2012,103,Drama
tt1270797,Venom,2018,112,"Action,Adventure,Sci-Fi"
tt5027774,"Three Billboards Outside Ebbing, Missouri",2017,115,"Comedy,Crime,Drama"
tt2713180,Fury,2014,134,"Action,Drama,War"
tt0071853,Monty Python and the Holy Grail,1975,91,"Adventure,Comedy,Fantasy"
tt1298650,Pirates of the Caribbean: On Stranger Tides,2011,136,"Action,Adventure,Fantasy"
tt1318514,Rise of the Planet of the Apes,2011,105,"Action,Drama,Sci-Fi"
tt0290334,X2: X-Men United,2003,134,"Action,Sci-Fi,Thriller"
tt0258463,The Bourne Identity,2002,119,"Action,Mystery,Thriller"
tt1570728,"Crazy, Stupid, Love.",2011,118,"Comedy,Drama,Romance"
tt0409459,Watchmen,2009,162,"Action,Drama,Mystery"
tt0332452,Troy,2004,163,"Action,Adventure,Drama"
tt1022603,500 Days of Summer,2009,95,"Comedy,Drama,Romance"
tt0343818,"I, Robot",2004,115,"Action,Mystery,Sci-Fi"
tt2310332,The Hobbit: The Battle of the Five Armies,2014,144,"Adventure,Fantasy"
tt0454921,The Pursuit of Happyness,2006,117,"Biography,Drama"
tt0112641,Casino,1995,178,"Crime,Drama"
tt4972582,Split,2016,117,"Horror,Thriller"
tt2948356,Zootopia,2016,108,"Action,Adventure,Animation"
tt1457767,The Conjuring,2013,112,"Horror,Mystery,Thriller"
tt0096874,Back to the Future Part II,1989,108,"Adventure,Comedy,Sci-Fi"
tt0181689,Minority Report,2002,145,"Action,Crime,Mystery"
tt6710474,Everything Everywhere All at Once,2022,139,"Action,Adventure,Comedy"
tt1250777,Kick-Ass,2010,117,"Action,Comedy,Crime"
tt0450259,Blood Diamond,2006,143,"Adventure,Drama,Thriller"
tt6320628,Spider-Man: Far from Home,2019,129,"Action,Adventure,Comedy"
tt1323594,Despicable Me,2010,95,"Adventure,Animation,Comedy"
tt1276104,Looper,2012,119,"Action,Drama,Sci-Fi"
tt0097165,Dead Poets Society,1989,128,"Comedy,Drama"
tt0470752,Ex Machina,2014,108,"Drama,Sci-Fi,Thriller"
tt0365748,Shaun of the Dead,2004,99,"Comedy,Horror"
tt1343092,The Great Gatsby,2013,143,"Drama,Romance"
tt0796366,Star Trek,2009,127,"Action,Adventure,Sci-Fi"
tt1727824,Bohemian Rhapsody,2018,134,"Biography,Drama,Music"
tt1232829,21 Jump Street,2012,109,"Action,Comedy,Crime"
tt0116629,Independence Day,1996,145,"Action,Adventure,Sci-Fi"
tt1219289,Limitless,2011,105,"Sci-Fi,Thriller"
tt0120735,"Lock, Stock and Two Smoking Barrels",1998,107,"Comedy,Crime"
tt6644200,A Quiet Place,2018,90,"Drama,Horror,Sci-Fi"
tt0417741,Harry Potter and the Half-Blood Prince,2009,153,"Action,Adventure,Family"
tt0034583,Casablanca,1942,102,"Drama,Romance,War"
tt4154664,Captain Marvel,2019,123,"Action,Adventure,Sci-Fi"
tt0926084,Harry Potter and the Deathly Hallows: Part 1,2010,146,"Adventure,Family,Fantasy"
tt1517268,Barbie,2023,114,"Adventure,Comedy,Fantasy"
tt0119488,L.A. Confidential,1997,138,"Crime,Drama,Mystery"
tt0119654,Men in Black,1997,98,"Action,Adventure,Comedy"
tt2872718,Nightcrawler,2014,117,"Crime,Drama,Thriller"
tt11286314,Don't Look Up,2021,138,"Comedy,Drama,Sci-Fi"
tt0443706,Zodiac,2007,157,"Crime,Drama,Mystery"
tt1156398,Zombieland,2009,88,"Action,Comedy,Horror"
tt0120363,Toy Story 2,1999,92,"Adventure,Animation,Comedy"
tt1024648,Argo,2012,120,"Biography,Drama,History"
tt0234215,The Matrix Reloaded,2003,138,"Action,Sci-Fi"
tt0240772,Ocean's Eleven,2001,116,"Crime,Thriller"
tt2119532,Hacksaw Ridge,2016,139,"Biography,Drama,History"
tt0936501,Taken,2008,90,"Action,Crime,Thriller"
tt6966692,Green Book,2018,130,"Biography,Comedy,Drama"
tt6723592,Tenet,2020,150,"Action,Sci-Fi,Thriller"
tt3890160,Baby Driver,2017,113,"Action,Crime,Drama"
tt0114746,12 Monkeys,1995,129,"Mystery,Sci-Fi,Thriller"
tt0332280,The Notebook,2004,123,"Drama,Romance"
tt0075148,Rocky,1976,120,"Drama,Sport"
tt1396484,It,2017,135,Horror
tt0440963,The Bourne Ultimatum,2007,115,"Action,Mystery,Thriller"
tt0162222,Cast Away,2000,143,"Adventure,Drama,Romance"
tt0829482,Superbad,2007,113,Comedy
tt0120903,X-Men,2000,104,"Action,Adventure,Sci-Fi"
tt0373889,Harry Potter and the Order of the Phoenix,2007,138,"Action,Adventure,Family"
tt2380307,Coco,2017,105,"Adventure,Animation,Drama"
tt0413300,Spider-Man 3,2007,139,"Action,Adventure,Sci-Fi"
tt1446714,Prometheus,2012,124,"Adventure,Mystery,Sci-Fi"
tt0758758,Into the Wild,2007,148,"Adventure,Biography,Drama"
tt2562232,Birdman or (The Unexpected Virtue of Ignorance),2014,119,"Comedy,Drama"
tt0454876,Life of Pi,2012,127,"Adventure,Drama,Fantasy"
tt0469494,There Will Be Blood,2007,158,Drama
tt0988045,Sherlock Holmes,2009,128,"Action,Adventure,Mystery"
tt1637725,Ted,2012,106,Comedy
tt15239678,Dune: Part Two,2024,166,"Action,Adventure,Drama"
tt2294629,Frozen,2013,102,"Adventure,Animation,Comedy"
tt0364569,Oldboy,2003,120,"Action,Drama,Mystery"
tt2527336,Star Wars: Episode VIII - The Last Jedi,2017,152,"Action,Adventure,Fantasy"
tt0418279,Transformers,2007,144,"Action,Adventure,Sci-Fi"
tt3460252,The Hateful Eight,2015,168,"Crime,Drama,Mystery"
tt1798709,Her,2013,126,"Drama,Romance,Sci-Fi"
tt0369610,Jurassic World,2015,124,"Action,Adventure,Sci-Fi"
tt0073195,Jaws,1975,124,"Adventure,Horror,Thriller"
tt1504320,The King's Speech,2010,118,"Biography,Drama,History"
tt0099785,Home Alone,1990,103,"Comedy,Family"
tt0451279,Wonder Woman,2017,141,"Action,Adventure,Fantasy"
tt0107048,Groundhog Day,1993,101,"Comedy,Drama,Fantasy"
tt5463162,Deadpool 2,2018,119,"Action,Adventure,Comedy"
tt0381061,Casino Royale,2006,144,"Action,Adventure,Thriller"
tt0449088,Pirates of the Caribbean: At World's End,2007,169,"Action,Adventure,Fantasy"
tt0421715,The Curious Case of Benjamin Button,2008,166,"Drama,Fantasy,Romance"
tt1856101,Blade Runner 2049,2017,164,"Action,Drama,Mystery"
tt0330373,Harry Potter and the Goblet of Fire,2005,157,"Adventure,Family,Fantasy"
tt0457430,Pan's Labyrinth,2006,118,"Drama,Fantasy,War"
tt3748528,Rogue One: A Star Wars Story,2016,133,"Action,Adventure,Sci-Fi"
tt3783958,La La Land,2016,128,"Comedy,Drama,Music"
tt1170358,The Hobbit: The Desolation of Smaug,2013,161,"Adventure,Fantasy"
tt1136608,District 9,2009,112,"Action,Sci-Fi,Thriller"
tt0948470,The Amazing Spider-Man,2012,136,"Action,Sci-Fi"
tt0780504,Drive,2011,100,"Action,Drama"
tt0295297,Harry Potter and the Chamber of Secrets,2002,161,"Adventure,Family,Fantasy"
tt1386697,Suicide Squad,2016,123,"Action,Adventure,Fantasy"
tt0304141,Harry Potter and the Prisoner of Azkaban,2004,142,"Adventure,Family,Fantasy"
tt8579674,1917,2019,119,"Action,Drama,War"
tt1270798,X-Men: First Class,2011,131,"Action,Sci-Fi"
tt0405159,Million Dollar Baby,2004,132,"Drama,Sport"
tt1670345,Now You See Me,2013,115,"Crime,Mystery,Thriller"
tt0078788,Apocalypse Now,1979,147,"Drama,Mystery,War"
tt0117951,Trainspotting,1996,93,"Crime,Drama"
tt1951264,The Hunger Games: Catching Fire,2013,146,"Action,Adventure,Sci-Fi"
tt1074638,Skyfall,2012,143,"Action,Adventure,Thriller"
tt1981115,Thor: The Dark World,2013,112,"Action,Adventure,Fantasy"
tt4633694,Spider-Man: Into the Spider-Verse,2018,117,"Action,Adventure,Animation"
tt2802144,Kingsman: The Secret Service,2014,129,"Action,Adventure,Comedy"
tt1045658,Silver Linings Playbook,2012,122,"Comedy,Drama,Romance"
tt0478970,Ant-Man,2015,117,"Action,Comedy,Sci-Fi"
tt0316654,Spider-Man 2,2004,127,"Action,Adventure,Sci-Fi"
tt0062622,2001: A Space Odyssey,1968,149,"Adventure,Sci-Fi"
tt0816711,World War Z,2013,116,"Action,Adventure,Horror"
tt0116282,Fargo,1996,98,"Crime,Drama,Thriller"
tt0054215,Psycho,1960,109,"Drama,Horror,Mystery"
tt2024544,12 Years a Slave,2013,134,"Biography,Drama,History"
tt1877832,X-Men: Days of Future Past,2014,132,"Action,Adventure,Sci-Fi"
tt2250912,Spider-Man: Homecoming,2017,133,"Action,Adventure,Sci-Fi"
tt2975590,Batman v Superman: Dawn of Justice,2016,151,"Action,Adventure,Sci-Fi"
tt0113277,Heat,1995,170,"Action,Crime,Drama"
tt1631867,Edge of Tomorrow,2014,113,"Action,Adventure,Sci-Fi"
tt5013056,Dunkirk,2017,106,"Action,Drama,History"
tt5052448,Get Out,2017,104,"Horror,Mystery,Thriller"
tt0126029,Shrek,2001,90,"Adventure,Animation,Comedy"
tt0118799,Life Is Beautiful,1997,116,"Comedy,Drama,Romance"
tt1285016,The Social Network,2010,120,"Biography,Drama"
tt0121765,Star Wars: Episode II - Attack of the Clones,2002,142,"Action,Adventure,Fantasy"
tt2911666,John Wick,2014,101,"Action,Crime,Thriller"
tt0383574,Pirates of the Caribbean: Dead Man's Chest,2006,151,"Action,Adventure,Fantasy"
tt3896198,Guardians of the Galaxy Vol. 2,2017,136,"Action,Adventure,Comedy"
tt0144084,American Psycho,2000,102,"Comedy,Crime,Drama"
tt0401792,Sin City,2005,124,"Crime,Thriller"
tt0090605,Aliens,1986,137,"Action,Adventure,Horror"
tt0211915,Amélie,2001,122,"Comedy,Romance"
tt1745960,Top Gun: Maverick,2022,130,"Action,Drama"
tt0093058,Full Metal Jacket,1987,116,"Drama,War"
tt2543164,Arrival,2016,116,"Drama,Mystery,Sci-Fi"
tt8946378,Knives Out,2019,130,"Comedy,Crime,Drama"
tt1205489,Gran Torino,2008,116,Drama
tt0097576,Indiana Jones and the Last Crusade,1989,127,"Action,Adventure,Fantasy"
tt0378194,Kill Bill: Vol. 2,2004,137,"Action,Crime,Thriller"
tt0770828,Man of Steel,2013,143,"Action,Adventure,Sci-Fi"
tt0317248,City of God,2002,130,"Crime,Drama"
tt0480249,I Am Legend,2007,101,"Drama,Horror,Sci-Fi"
tt1211837,Doctor Strange,2016,115,"Action,Adventure,Fantasy"
tt2084970,The Imitation Game,2014,114,"Biography,Drama,Thriller"
tt0083658,Blade Runner,1982,117,"Action,Drama,Sci-Fi"
tt0892769,How to Train Your Dragon,2010,98,"Action,Adventure,Animation"
tt0947798,Black Swan,2010,108,"Drama,Thriller"
tt0060196,"The Good, the Bad and the Ugly",1966,178,"Adventure,Drama,Western"
tt3501632,Thor: Ragnarok,2017,130,"Action,Adventure,Comedy"
tt0317705,The Incredibles,2004,115,"Action,Adventure,Animation"
tt1454468,Gravity,2013,91,"Drama,Sci-Fi,Thriller"
tt2096673,Inside Out,2015,95,"Adventure,Animation,Comedy"
tt1825683,Black Panther,2018,134,"Action,Adventure,Sci-Fi"
tt0246578,Donnie Darko,2001,113,"Drama,Mystery,Sci-Fi"
tt1010048,Slumdog Millionaire,2008,120,"Crime,Drama,Romance"
tt0416449,300,2006,117,"Action,Drama"
tt0121766,Star Wars: Episode III - Revenge of the Sith,2005,140,"Action,Adventure,Fantasy"
tt0118715,The Big Lebowski,1998,117,"Comedy,Crime"
tt1877830,The Batman,2022,176,"Action,Crime,Drama"
tt1392214,Prisoners,2013,153,"Crime,Drama,Mystery"
tt3315342,Logan,2017,137,"Action,Drama,Sci-Fi"
tt3498820,Captain America: Civil War,2016,147,"Action,Sci-Fi"
tt0120915,Star Wars: Episode I - The Phantom Menace,1999,136,"Action,Adventure,Fantasy"
tt1119646,The Hangover,2009,100,Comedy
tt0903624,The Hobbit: An Unexpected Journey,2012,169,"Adventure,Fantasy"
tt0382932,Ratatouille,2007,111,"Adventure,Animation,Comedy"
tt1228705,Iron Man 2,2010,124,"Action,Sci-Fi"
tt0066921,A Clockwork Orange,1971,136,"Crime,Sci-Fi"
tt1663202,The Revenant,2015,156,"Adventure,Drama,Western"
tt0241527,Harry Potter and the Sorcerer's Stone,2001,152,"Adventure,Family,Fantasy"
tt7131622,Once Upon a Time... in Hollywood,2019,161,"Comedy,Drama"
tt0245429,Spirited Away,2001,124,"Adventure,Animation,Family"
tt0145487,Spider-Man,2002,121,"Action,Adventure,Sci-Fi"
tt2278388,The Grand Budapest Hotel,2014,99,"Comedy,Drama"
tt1300854,Iron Man 3,2013,130,"Action,Adventure,Sci-Fi"
tt0800369,Thor,2011,115,"Action,Fantasy"
tt0458339,Captain America: The First Avenger,2011,124,"Action,Adventure,Sci-Fi"
tt0435761,Toy Story 3,2010,103,"Adventure,Animation,Comedy"
tt1843866,Captain America: The Winter Soldier,2014,136,"Action,Adventure,Sci-Fi"
tt0180093,Requiem for a Dream,2000,102,Drama
tt0208092,Snatch,2000,102,"Comedy,Crime"
tt0050083,12 Angry Men,1957,96,"Crime,Drama"
tt15398776,Oppenheimer,2023,180,"Biography,Drama,History"
tt2395427,Avengers: Age of Ultron,2015,141,"Action,Adventure,Sci-Fi"
tt0088247,The Terminator,1984,107,"Action,Adventure,Sci-Fi"
tt3659388,The Martian,2015,144,"Adventure,Drama,Sci-Fi"
tt10872600,Spider-Man: No Way Home,2021,148,"Action,Adventure,Fantasy"
tt0253474,The Pianist,2002,150,"Biography,Drama,Music"
tt0086250,Scarface,1983,170,"Crime,Drama"
tt0075314,Taxi Driver,1976,114,"Crime,Drama"
tt1675434,The Intouchables,2011,112,"Comedy,Drama"
tt1160419,Dune: Part One,2021,155,"Action,Adventure,Drama"
tt2488496,Star Wars: Episode VII - The Force Awakens,2015,138,"Action,Adventure,Sci-Fi"
tt0095016,Die Hard,1988,132,"Action,Thriller"
tt1201607,Harry Potter and the Deathly Hallows: Part 2,2011,130,"Adventure,Family,Fantasy"
tt0268978,A Beautiful Mind,2001,135,"Biography,Drama,Mystery"
tt0078748,Alien,1979,117,"Horror,Sci-Fi"
tt0198781,"Monsters, Inc.",2001,92,"Adventure,Animation,Comedy"
tt1392170,The Hunger Games,2012,142,"Action,Adventure,Sci-Fi"
tt0082971,Raiders of the Lost Ark,1981,115,"Action,Adventure"
tt2582802,Whiplash,2014,106,"Drama,Music"
tt6751668,Parasite,2019,132,"Drama,Thriller"
tt0167404,The Sixth Sense,1999,107,"Drama,Mystery,Thriller"
tt0073486,One Flew Over the Cuckoo's Nest,1975,133,Drama
tt0112573,Braveheart,1995,178,"Biography,Drama,War"
tt2267998,Gone Girl,2014,149,"Drama,Mystery,Thriller"
tt0114709,Toy Story,1995,81,"Adventure,Animation,Comedy"
tt0105236,Reservoir Dogs,1992,99,"Crime,Thriller"
tt0107290,Jurassic Park,1993,127,"Action,Adventure,Sci-Fi"
tt0338013,Eternal Sunshine of the Spotless Mind,2004,108,"Drama,Romance,Sci-Fi"
tt0477348,No Country for Old Men,2007,122,"Crime,Drama,Thriller"
tt0119217,Good Will Hunting,1997,126,"Drama,Romance"
tt0266543,Finding Nemo,2003,100,"Adventure,Animation,Comedy"
tt1392190,Mad Max: Fury Road,2015,120,"Action,Adventure,Sci-Fi"
tt0086190,Star Wars: Episode VI - Return of the Jedi,1983,131,"Action,Adventure,Fantasy"
tt0371746,Iron Man,2008,126,"Action,Adventure,Sci-Fi"
tt0081505,The Shining,1980,146,"Drama,Horror"
tt0264464,Catch Me If You Can,2002,141,"Biography,Crime,Drama"
tt1049413,Up,2009,96,"Adventure,Animation,Comedy"
tt0114814,The Usual Suspects,1995,106,"Crime,Drama,Mystery"
tt0434409,V for Vendetta,2005,132,"Action,Drama,Sci-Fi"
tt1431045,Deadpool,2016,108,"Action,Comedy,Sci-Fi"
tt0110357,The Lion King,1994,88,"Adventure,Animation,Drama"
tt0120586,American History X,1998,119,"Crime,Drama"
tt0103064,Terminator 2: Judgment Day,1991,137,"Action,Adventure,Sci-Fi"
tt0169547,American Beauty,1999,122,Drama
tt0266697,Kill Bill: Vol. 1,2003,111,"Action,Crime,Thriller"
tt0910970,WALL·E,2008,98,"Adventure,Animation,Family"
tt0325980,Pirates of the Caribbean: The Curse of the Black Pearl,2003,143,"Action,Adventure,Fantasy"
tt0110413,Léon: The Professional,1994,110,"Action,Crime,Drama"
tt0120382,The Truman Show,1998,103,"Comedy,Drama"
tt4154756,Avengers: Infinity War,2018,149,"Action,Adventure,Sci-Fi"
tt2015381,Guardians of the Galaxy,2014,121,"Action,Adventure,Comedy"
tt0099685,Goodfellas,1990,145,"Biography,Crime,Drama"
tt0120338,Titanic,1997,194,"Drama,Romance"
tt4154796,Avengers: Endgame,2019,181,"Action,Adventure,Sci-Fi"
tt0209144,Memento,2000,113,"Drama,Mystery,Thriller"
tt0088763,Back to the Future,1985,116,"Adventure,Comedy,Sci-Fi"
tt0499549,Avatar,2009,162,"Action,Adventure,Fantasy"
tt0071562,The Godfather Part II,1974,202,"Crime,Drama"
tt0080684,Star Wars: Episode V - The Empire Strikes Back,1980,124,"Action,Adventure,Fantasy"
tt0407887,The Departed,2006,151,"Crime,Drama,Thriller"
tt0120689,The Green Mile,1999,189,"Crime,Drama,Fantasy"
tt0848228,The Avengers,2012,143,"Action,Sci-Fi"
tt0076759,Star Wars: Episode IV - A New Hope,1977,121,"Action,Adventure,Fantasy"
tt0482571,The Prestige,2006,130,"Drama,Mystery,Sci-Fi"
tt0108052,Schindler's List,1993,195,"Biography,Drama,History"
tt1130884,Shutter Island,2010,138,"Drama,Mystery,Thriller"
tt0120815,Saving Private Ryan,1998,169,"Drama,War"
tt7286456,Joker,2019,122,"Crime,Drama,Thriller"
tt0372784,Batman Begins,2005,140,"Action,Crime,Drama"
tt0102926,The Silence of the Lambs,1991,118,"Crime,Drama,Horror"
tt0993846,The Wolf of Wall Street,2013,180,"Biography,Comedy,Crime"
tt0361748,Inglourious Basterds,2009,153,"Adventure,Drama,War"
tt0172495,Gladiator,2000,155,"Action,Adventure,Drama"
tt1853728,Django Unchained,2012,165,"Drama,Western"
tt0167261,The Lord of the Rings: The Two Towers,2002,179,"Adventure,Drama,Fantasy"
tt1345836,The Dark Knight Rises,2012,164,"Action,Crime,Drama"
tt0114369,Se7en,1995,127,"Crime,Drama,Mystery"
tt0167260,The Lord of the Rings: The Return of the King,2003,201,"Adventure,Drama,Fantasy"
tt0120737,The Lord of the Rings: The Fellowship of the Ring,2001,178,"Adventure,Drama,Fantasy"
tt0068646,The Godfather,1972,175,"Crime,Drama"
tt0133093,The Matrix,1999,136,"Action,Sci-Fi"
tt0110912,Pulp Fiction,1994,154,"Crime,Drama"
tt0816692,Interstellar,2014,169,"Adventure,Drama,Sci-Fi"
tt0109830,Forrest Gump,1994,142,"Drama,Romance"
tt0137523,Fight Club,1999,139,"Crime,Drama,Thriller"
tt1375666,Inception,2010,148,"Action,Adventure,Sci-Fi"
tt0468569,The Dark Knight,2008,152,"Action,Crime,Drama"
tt0111161,The Shawshank Redemption,1994,142,Drama
